Workbook

Sheet GENEL TAKSİT
B1: Mayıs | C1: Haziran | D1: Temmuz | E1: Ağustos | F1: Eylül | G1: Ekim | H1: Kasım | I1: Aralık
A2: Terapi | B2: 8000 | C2: 8000 | D2: 8000 | E2: 8000 | F2: 8000 | G2: 8000 | H2: 8000 | I2: 8000
A3: Yatırım 101 | B3: 650 | C3: 650 | D3: 650 | E3: 650 | F3: 650 | G3: 650 | H3: 650 | I3: 650
A4: ChatGpt | B4: 500 | C4: 500 | D4: 500 | E4: 500 | F4: 500 | G4: 500 | H4: 500 | I4: 500
A5: Claude | B5: 819 | C5: 819 | D5: 819 | E5: 819 | F5: 819 | G5: 819 | H5: 819 | I5: 819
A6: KYK | B6: 500 | C6: 500 | D6: 500 | E6: 500 | F6: 500 | G6: 500 | H6: 500 | I6: 500
A7: Kredi 1 | B7: 3625.88
A8: Nakit Avans | B8: 8530.64
A9: Beyaz esya | B9: 6408 | C9: 6408 | D9: 6408
A10: Yatak | B10: =35750/6 -> 5958.3333 | C10: =35750/6 -> 5958.3333 | D10: =35750/6 -> 5958.3333 | E10: =35750/6 -> 5958.3333
A11: Koltuk + Gardirop | B11: 4200.81 | C11: 4200.81 | D11: 4200.81 | E11: 4200.81 | F11: 4200.81 | G11: 4200.81
A12: Cayci | B12: 831.67
A13: Catal kasik | B13: 339.73
A14: Jilet | B14: 410
A15: Taksit Toplam | B15: =SUM(B2:B14) -> 40774.063 | C15: =SUM(C2:C14) -> 27036.143 | D15: =SUM(D2:D14) -> 27036.143 | E15: =SUM(E2:E14) -> 20628.143 | F15: =SUM(F2:F14) -> 14669.81 | G15: =SUM(G2:G14) -> 14669.81 | H15: =SUM(H2:H14) -> 10469 | I15: =SUM(I2:I14) -> 10469

Sheet Bütçe
B1: Bu ay | D1: Gelecek ay
A2: Kira | B2: 53000 | C2: Paid | D2: 53000
A3: Ziraat | B3: 28777.26 | C3: Paid | D3: =41029-4000-13333-5000-3333-4382 -> 10981
A4: Kredi 1 | B4: 3625.89 | C4: Paid | D4: 0
A5: Akbank | B5: 30988.39 | C5: Paid | D5: 35500
A6: Garanti | B6: 41352 | D6: 26800
A7: Terapi | B7: 8000 | C7: Paid | D7: 8000
A8: Bu Ay Toplam Borç | B8: =SUM(B2:B7) -> 165743.54 | D8: =SUM(D2:D7) -> 134281
A9: Kalan Borç | B9: =SUMIF(C2:C7,"<>Paid",B2:B7) -> 41352
A10: Ödenen Borç | B10: =sumif(C2:C7,"Paid",B2:B7) -> 124391.54

Sheet Sheet32
E3: Kira | F3: Harcama | I3: Kira | J3: Harcama
C4: 100000 | E4: 20000 | F4: 60000 | H4: =64500 -> 64500 | I4: 5000 | J4: 21000
B5: 1 | C5: =100000-20000 -> 80000 | D5: =C4-E4 -> 80000 | H5: =H4-I4-17500 -> 42000
B6: 2 | C6: =C5*0.0013+C5 -> 80104 | D6: =D5*0.0013+D5 -> 80104 | H6: =H5*0.0013+H5 -> 42054.6
B7: 3 | C7: =C6*0.0013+C6 -> 80208.135 | D7: =D6*0.0013+D6 -> 80208.135 | H7: =H6*0.0013+H6 -> 42109.271
B8: 4 | C8: =C7*0.0013+C7 -> 80312.406 | D8: =D7*0.0013+D7 -> 80312.406 | H8: =H7*0.0013+H7 -> 42164.013
B9: 5 | C9: =C8*0.0013+C8 -> 80416.812 | D9: =D8*0.0013+D8 -> 80416.812 | H9: =H8*0.0013+H8 -> 42218.826
B10: 6 | C10: =C9*0.0013+C9 -> 80521.354 | D10: =D9*0.0013+D9 -> 80521.354 | H10: =H9*0.0013+H9 -> 42273.711
B11: 7 | C11: =C10*0.0013+C10 -> 80626.032 | D11: =D10*0.0013+D10 -> 80626.032 | H11: =H10*0.0013+H10 -> 42328.667
B12: 8 | C12: =C11*0.0013+C11 -> 80730.845 | D12: =D11*0.0013+D11 -> 80730.845 | H12: =H11*0.0013+H11 -> 42383.694
B13: 9 | C13: =C12*0.0013+C12 -> 80835.795 | D13: =D12*0.0013+D12 -> 80835.795 | H13: =H12*0.0013+H12 -> 42438.793
B14: 10 | C14: =C13*0.0013+C13-F4 -> 20940.882 | D14: =D13*0.0013+D13-20000 -> 60940.882 | H14: =H13*0.0013+H13-7000 -> 35493.963
B15: 11 | C15: =C14*0.0013+C14 -> 20968.105 | D15: =D14*0.0013+D14 -> 61020.105 | H15: =H14*0.0013+H14 -> 35540.105
B16: 12 | C16: =C15*0.0013+C15 -> 20995.364 | D16: =D15*0.0013+D15 -> 61099.431 | H16: =H15*0.0013+H15 -> 35586.307
B17: 13 | C17: =C16*0.0013+C16 -> 21022.658 | D17: =D16*0.0013+D16 -> 61178.861 | H17: =H16*0.0013+H16 -> 35632.57
B18: 14 | C18: =C17*0.0013+C17 -> 21049.987 | D18: =D17*0.0013+D17 -> 61258.393 | H18: =H17*0.0013+H17 -> 35678.892
B19: 15 | C19: =C18*0.0013+C18 -> 21077.352 | D19: =D18*0.0013+D18 -> 61338.029 | H19: =H18*0.0013+H18 -> 35725.274
B20: 16 | C20: =C19*0.0013+C19 -> 21104.753 | D20: =D19*0.0013+D19 -> 61417.768 | H20: =H19*0.0013+H19 -> 35771.717
B21: 17 | C21: =C20*0.0013+C20 -> 21132.189 | D21: =D20*0.0013+D20 -> 61497.611 | H21: =H20*0.0013+H20 -> 35818.221
B22: 18 | C22: =C21*0.0013+C21 -> 21159.661 | D22: =D21*0.0013+D21 -> 61577.558 | H22: =H21*0.0013+H21 -> 35864.784
B23: 19 | C23: =C22*0.0013+C22 -> 21187.168 | D23: =D22*0.0013+D22 -> 61657.609 | H23: =H22*0.0013+H22 -> 35911.408
B24: 20 | C24: =C23*0.0013+C23 -> 21214.712 | D24: =D23*0.0013+D23-20000 -> 41737.764 | H24: =H23*0.0013+H23-7000 -> 28958.093
B25: 21 | C25: =C24*0.0013+C24 -> 21242.291 | D25: =D24*0.0013+D24 -> 41792.023 | H25: =H24*0.0013+H24 -> 28995.739
B26: 22 | C26: =C25*0.0013+C25 -> 21269.906 | D26: =D25*0.0013+D25 -> 41846.353 | H26: =H25*0.0013+H25 -> 29033.433
B27: 23 | C27: =C26*0.0013+C26 -> 21297.557 | D27: =D26*0.0013+D26 -> 41900.753 | H27: =H26*0.0013+H26 -> 29071.177
B28: 24 | C28: =C27*0.0013+C27 -> 21325.243 | D28: =D27*0.0013+D27 -> 41955.224 | H28: =H27*0.0013+H27 -> 29108.969
B29: 25 | C29: =C28*0.0013+C28 -> 21352.966 | D29: =D28*0.0013+D28 -> 42009.766 | H29: =H28*0.0013+H28 -> 29146.811
B30: 26 | C30: =C29*0.0013+C29 -> 21380.725 | D30: =D29*0.0013+D29 -> 42064.379 | H30: =H29*0.0013+H29 -> 29184.702
B31: 27 | C31: =C30*0.0013+C30 -> 21408.52 | D31: =D30*0.0013+D30 -> 42119.062 | H31: =H30*0.0013+H30 -> 29222.642
B32: 28 | C32: =C31*0.0013+C31 -> 21436.351 | D32: =D31*0.0013+D31 -> 42173.817 | H32: =H31*0.0013+H31 -> 29260.631
B33: 29 | C33: =C32*0.0013+C32 -> 21464.218 | D33: =D32*0.0013+D32 -> 42228.643 | H33: =H32*0.0013+H32 -> 29298.67
B34: 30 | C34: =C33*0.0013+C33 -> 21492.122 | D34: =D33*0.0013+D33-20000 -> 22283.54 | H34: =H33*0.0013+H33-7000 -> 22336.758
C36: =C34+F4+E4-100000 -> 1492.1218 | D36: =D34+E4+F4-100000 -> 2283.5402 | H36: =H34+I4+J4+17500 - H4 -> 1336.7584
C38: =C36/C4 -> 0.014921218 | D38: =D36/C4 -> 0.022835402 | H38: =H36/H4 -> 0.020724936

Sheet AĞUSTOS-2025
A1: Home | B1: 15250
A2: Market | B2: 5807.99
A3: Food | B3: 4758.8
A4: Taksit | B4: 16829.96
A5: Transportation | B5: 3910
A6: Shopping | B6: 3143.99
A7: Health | B7: 0
A8: Bills | B8: 1847.67
A9: Entertainment | B9: 0
A10: Personal Care | B10: 0
A11: Gifts | B11: 620
A12: Subscription | B12: 753.87
A13: Total | B13: =SUM(B1:B12) -> 52922.28

Sheet EYLÜL-2025
A1: Home | B1: 15250
A2: Market | B2: 9480.85
A3: Food | B3: 1370
A4: Taksit | B4: 15701.01
A5: Transportation | B5: 0
A6: Shopping | B6: 5154.96
A7: Health | B7: 10192
A8: Bills | B8: 1526.5
A9: Entertainment | B9: 0
A10: Personal Care | B10: 0
A11: Gifts | B11: 0
A12: Subscription | B12: 443.97
A13: Total | B13: =SUM(B1:B12) -> 59119.29

Sheet EKİM-2025
A1: Home | B1: 15250
A2: Market | B2: 6499.81
A3: Food | B3: 3834
A4: Taksit | B4: =14748.05+3625.88+8545.13 -> 26919.06
A5: Transportation | B5: 2540
A6: Bills | B6: 2194.14
A7: Subscription | B7: 458.88
A8: Shopping | B8: 165
A9: Health | B9: 0
A10: Entertainment | B10: 0
A11: Personal Care | B11: 610
A12: Gifts | B12: 0
A13: Total | B13: =SUM(B1:B12) -> 58470.89

Sheet KASIM-2025
A1: Home | B1: 15250
A2: Market | B2: 5306.38
A3: Food | B3: 3615.69
A4: Taksit | B4: 22926.96
A5: Transportation | B5: 1440
A6: Bills | B6: 2443.03
A7: Subscription | B7: 958.96
A8: Shopping | B8: 129
A9: Health | B9: 11330.9
A10: Entertainment | B10: 0
A11: Personal Care | B11: 734
A12: Gifts | B12: 778
A13: Total | B13: =SUM(B1:B12) -> 64912.92

Sheet Toplam Harcama
A1: 2024 | B1: Aylık Toplam | C1: 2025 | D1: Aylık Toplam
A2: OCAK | C2: OCAK | D2: ='OCAK-2025'!O13 -> 57056.01
A3: ŞUBAT | C3: ŞUBAT | D3: ='ŞUBAT-2025'!O13 -> 40489.31
A4: MART | C4: MART | D4: ='MART-2025'!O13 -> 64957.84
A5: NİSAN | B5: ='NİSAN-2024'!T2 | C5: NİSAN | D5: ='NİSAN-2025'!O13 -> 48412.9
A6: MAYIS | B6: ='MAYIS-2024'!T2 -> 18650.34 | C6: MAYIS | D6: ='MAYIS-2025'!O13 -> 36997.86
A7: HAZİRAN | B7: ='HAZİRAN-2024'!T2 -> 18861.93 | C7: HAZİRAN | D7: ='HAZİRAN-2025'!O13 -> 89732.36
A8: TEMMUZ | B8: ='TEMMUZ-2024'!O12 -> 24456.76 | C8: TEMMUZ | D8: ='TEMMUZ-2025'!B12 -> 104953.92
A9: AĞUSTOS | B9: ='AĞUSTOS-2024'!O12 -> 20363.52 | C9: AĞUSTOS | D9: ='AĞUSTOS-2025'!B13 -> 52922.28
A10: EYLÜL | B10: ='EYLÜL-2024'!O13 -> 21682.12 | C10: EYLÜL | D10: ='EYLÜL-2025'!B13 -> 59119.29
A11: EKİM | B11: ='EKİM-2024'!O13 -> 17501.12 | C11: EKİM | D11: ='EKİM-2025'!B13 -> 58470.89
A12: KASIM | B12: ='KASIM-2024'!O13 -> 20508.46 | C12: KASIM | D12: ='KASIM-2024'!Q13
A13: ARALIK | B13: ='ARALIK-2024'!O13 -> 57005.57 | C13: ARALIK | D13: ='ARALIK-2024'!Q13

Sheet ARALIK-2024
A1: Column 1 | B1: Date | C1: Market | D1: Food | E1: Transport | F1: Rent | G1: Bills | H1: Taksit | I1: Abonelik | J1: Fun | K1: Edu | L1: Other | M1: Daily Total
A2: 1 | B2: 45627 | C2: 235.39 | D2: =690 -> 690 | E2: 0 | F2: 0 | G2: 0 | H2: =17500 -> 17500 | I2: 0 | J2: 0 | K2: 0 | L2: 0 | M2: =SUMIF(C2:L2,"<>") -> 18425.39 | N2: Daily Avg. Food | O2: =+SUM(C2:C32,D2:D32)/ COUNTIFS(C2:C32, "<>", D2:D32, "<>") -> 311.64258
A3: 2 | B3: 45628 | C3: =129.75 -> 129.75 | D3: =280 -> 280 | E3: 0 | F3: 0 | G3: 0 | H3: 0 | I3: =26.24 -> 26.24 | J3: 0 | K3: 0 | L3: 0 | M3: =SUMIF(C3:K3,"<>") -> 435.99 | N3: Daily Avg | O3: =+O13 / COUNTIF(C2:C32, "<>") -> 1838.8894
A4: 3 | B4: 45629 | C4: =62.5 -> 62.5 | D4: 0 | E4: 0 | F4: 0 | G4: 0 | H4: 0 | I4: 0 | J4: 0 | K4: 0 | L4: 0 | M4: =SUMIF(C4:L4,"<>") -> 62.5 | N4: Market Total | O4: =+SUM(C2:C32) -> 7364.92
A5: 4 | B5: 45630 | C5: =52.75+100.75 -> 153.5 | D5: 0 | E5: 0 | F5: 0 | G5: 0 | H5: 0 | I5: 0 | J5: 0 | K5: 0 | L5: =404 -> 404 | M5: =SUMIF(C5:L5,"<>") -> 557.5 | N5: Food Total | O5: =+SUM(D2:D32) -> 2296
A6: 5 | B6: 45631 | C6: 0 | D6: 0 | E6: 0 | F6: 0 | G6: 0 | H6: 0 | I6: =39 -> 39 | J6: 0 | K6: 0 | L6: =7992 -> 7992 | M6: =SUMIF(C6:L6,"<>") -> 8031 | N6: Fun Total | O6: =SUM(J2:J32) -> 0
A7: 6 | B7: 45632 | C7: 0 | D7: =185 -> 185 | E7: 0 | F7: 0 | G7: 0 | H7: 0 | I7: 0 | J7: 0 | K7: 0 | L7: 0 | M7: =SUMIF(C7:K7,"<>") -> 185 | N7: Edu Total | O7: =SUM(K2:K32) -> 1980
A8: 7 | B8: 45633 | C8: 0 | D8: 0 | E8: =300 -> 300 | F8: 0 | G8: 0 | H8: 0 | I8: 0 | J8: 0 | K8: 0 | L8: 0 | M8: =SUMIF(C8:K8,"<>") -> 300 | N8: Trans. Total | O8: =+SUM(E2:E32) -> 550
A9: 8 | B9: 45634 | C9: =150 -> 150 | D9: 0 | E9: 0 | F9: 0 | G9: 0 | H9: 0 | I9: 0 | J9: 0 | K9: 0 | L9: 0 | M9: =SUMIF(C9:L9,"<>") -> 150 | N9: Taksit Total | O9: =Sum(H2:H32) -> 23016.39
A10: 9 | B10: 45635 | C10: =152.19 -> 152.19 | D10: 0 | E10: 0 | F10: 0 | G10: =614.9 -> 614.9 | H10: =470 -> 470 | I10: 0 | J10: 0 | K10: 0 | L10: 0 | M10: =SUMIF(C10:L10,"<>") -> 1237.09 | N10: Abonelik Top. | O10: =SUM(I2:I32) -> 65.24
A11: 10 | B11: 45636 | C11: 0 | D11: 0 | E11: 0 | F11: 0 | G11: 0 | H11: 0 | I11: 0 | J11: 0 | K11: 0 | L11: 0 | M11: =SUMIF(C11:L11,"<>") -> 0 | N11: Other Total | O11: =+SUM(L2:L32) -> 12909.62
A12: 11 | B12: 45637 | C12: =131.09+183.81 -> 314.9 | D12: 0 | E12: 0 | F12: 0 | G12: 0 | H12: =3625.88 -> 3625.88 | I12: 0 | J12: 0 | K12: 0 | L12: 0 | M12: =SUMIF(C12:L12,"<>") -> 3940.78 | N12: Bills | O12: =sum(G2:G32) -> 1823.4
A13: 12 | B13: 45638 | C13: =250 -> 250 | D13: 0 | E13: 0 | F13: 0 | G13: 0 | H13: 0 | I13: 0 | J13: 0 | K13: =1980 -> 1980 | L13: 0 | M13: =SUMIF(C13:L13,"<>") -> 2230 | N13: Total | O13: =+SUM(C2:L32) -> 57005.57
A14: 13 | B14: 45639 | C14: =299.45 -> 299.45 | D14: 0 | E14: 0 | F14: 0 | G14: 0 | H14: 0 | I14: 0 | J14: 0 | K14: 0 | L14: 0 | M14: =SUMIF(C14:L14,"<>") -> 299.45
A15: 14 | B15: 45640 | C15: =643.5 -> 643.5 | D15: =730 -> 730 | E15: 0 | F15: 0 | G15: 0 | H15: 0 | I15: 0 | J15: 0 | K15: 0 | L15: 0 | M15: =SUMIF(C15:L15,"<>") -> 1373.5
A16: 15 | B16: 45641 | C16: =196.75 -> 196.75 | D16: 0 | E16: 0 | F16: 0 | G16: 0 | H16: 0 | I16: 0 | J16: 0 | K16: 0 | L16: 0 | M16: =SUMIF(C16:L16,"<>") -> 196.75
A17: 16 | B17: 45642 | C17: =265.99 -> 265.99 | D17: 0 | E17: 0 | F17: 0 | G17: 0 | H17: 0 | I17: 0 | J17: 0 | K17: 0 | L17: 0 | M17: =SUMIF(C17:L17,"<>") -> 265.99
A18: 17 | B18: 45643 | C18: =158.7+215.76 -> 374.46 | D18: 0 | E18: 0 | F18: 0 | G18: 0 | H18: 0 | I18: 0 | J18: 0 | K18: 0 | L18: 0 | M18: =SUMIF(C18:L18,"<>") -> 374.46
A19: 18 | B19: 45644 | C19: =75.9 -> 75.9 | D19: 0 | E19: 0 | F19: 0 | G19: 0 | H19: 0 | I19: 0 | J19: 0 | K19: 0 | L19: =250 -> 250 | M19: =SUMIF(C19:L19,"<>") -> 325.9
A20: 19 | B20: 45645 | C20: =189.8+184 -> 373.8 | D20: 0 | E20: 0 | F20: 0 | G20: 0 | H20: 0 | I20: 0 | J20: 0 | K20: 0 | L20: 0 | M20: =SUMIF(C20:L20,"<>") -> 373.8
A21: 20 | B21: 45646 | C21: =51 -> 51 | D21: 0 | E21: 0 | F21: 0 | G21: 0 | H21: 0 | I21: 0 | J21: 0 | K21: 0 | L21: 0 | M21: =SUMIF(D21:L21,"<>") -> 0
A22: 21 | B22: 45647 | C22: =142.46 -> 142.46 | D22: =90 -> 90 | E22: 0 | F22: 0 | G22: 0 | H22: 0 | I22: 0 | J22: 0 | K22: 0 | L22: 0 | M22: =SUMIF(C22:L22,"<>") -> 232.46
A23: 22 | B23: 45648 | C23: =1087.41 -> 1087.41 | D23: 0 | E23: =250 -> 250 | F23: 0 | G23: 0 | H23: =1382.5 -> 1382.5 | I23: 0 | J23: 0 | K23: 0 | L23: 0 | M23: =SUMIF(C23:L23,"<>") -> 2719.91
A24: 23 | B24: 45649 | C24: 0 | D24: 0 | E24: 0 | F24: 0 | G24: 0 | H24: =38.01 -> 38.01 | I24: 0 | J24: 0 | K24: 0 | L24: =1799*2 -> 3598 | M24: =SUMIF(C24:L24,"<>") -> 3636.01
A25: 24 | B25: 45650 | C25: =362.51+45+250.62 -> 658.13 | D25: 0 | E25: 0 | F25: 0 | G25: 0 | H25: 0 | I25: 0 | J25: 0 | K25: 0 | L25: =200.32+465.3 -> 665.62 | M25: =SUMIF(C25:L25,"<>") -> 1323.75
A26: 25 | B26: 45651 | C26: 0 | D26: 0 | E26: 0 | F26: 0 | G26: 0 | H26: 0 | I26: 0 | J26: 0 | K26: 0 | L26: 0 | M26: =SUMIF(C26:L26,"<>") -> 0
A27: 26 | B27: 45652 | C27: =265.44 -> 265.44 | D27: 0 | E27: 0 | F27: 0 | G27: 0 | H27: 0 | I27: 0 | J27: 0 | K27: 0 | L27: 0 | M27: =SUMIF(C27:L27,"<>") -> 265.44
A28: 27 | B28: 45653 | C28: =73.5 -> 73.5 | D28: 0 | E28: 0 | F28: 0 | G28: 0 | H28: 0 | I28: 0 | J28: 0 | K28: 0 | L28: 0 | M28: =SUMIF(C28:L28,"<>") -> 73.5
A29: 28 | B29: 45654 | C29: =150+40.46 -> 190.46 | D29: =100 -> 100 | E29: 0 | F29: 0 | G29: 0 | H29: 0 | I29: 0 | J29: 0 | K29: 0 | L29: 0 | M29: =SUMIF(C29:L29,"<>") -> 290.46
A30: 29 | B30: 45655 | C30: =812.23 -> 812.23 | D30: 0 | E30: 0 | F30: 0 | G30: 0 | H30: 0 | I30: 0 | J30: 0 | K30: 0 | L30: 0 | M30: =SUMIF(C30:L30,"<>") -> 812.23
A31: 30 | B31: 45656 | C31: =360 -> 360 | D31: =221 -> 221 | E31: 0 | F31: 0 | G31: 0 | H31: 0 | I31: 0 | J31: 0 | K31: 0 | L31: 0 | M31: =SUMIF(C31:L31,"<>") -> 581
A32: 31 | B32: 45657 | C32: =46.21 -> 46.21 | D32: 0 | E32: 0 | F32: =5000+2000 -> 7000 | G32: =1208.5 -> 1208.5 | H32: 0 | I32: 0 | J32: 0 | K32: 0 | L32: 0 | M32: =SUMIF(C32:L32,"<>") -> 8254.71

Sheet OCAK-2025
B1: Date | C1: Market | D1: Food | E1: Transport | F1: Rent | G1: Bills | H1: Taksit | I1: Abonelik | J1: Fun | K1: Edu | L1: Other | M1: Daily Total
A2: 1 | B2: 45658 | C2: 0 | D2: 0 | E2: 0 | F2: 0 | G2: 0 | H2: =17400 -> 17400 | I2: 0 | J2: 0 | K2: 0 | L2: 0 | M2: =SUMIF(C2:L2,"<>") -> 17400 | N2: Daily Avg. Food | O2: =+SUM(C2:C32,D2:D32)/ COUNTIFS(C2:C32, "<>", D2:D32, "<>") -> 239.43839
A3: 2 | B3: 45659 | C3: 0 | D3: 0 | E3: 0 | F3: 0 | G3: 0 | H3: =470 -> 470 | I3: =25.9 -> 25.9 | J3: 0 | K3: 0 | L3: 0 | M3: =SUMIF(C3:K3,"<>") -> 495.9 | N3: Daily Avg | O3: =+O13 / COUNTIF(C2:C32, "<>") -> 1840.5165
A4: 3 | B4: 45660 | C4: 0 | D4: 0 | E4: 0 | F4: 0 | G4: 0 | H4: 0 | I4: =19.74 -> 19.74 | J4: 0 | K4: 0 | L4: 0 | M4: =SUMIF(C4:L4,"<>") -> 19.74 | N4: Market Total | O4: =+SUM(C2:C32) -> 4644.85
A5: 4 | B5: 45661 | C5: 0 | D5: 0 | E5: 0 | F5: 0 | G5: 0 | H5: 0 | I5: 0 | J5: 0 | K5: 0 | L5: 0 | M5: =SUMIF(C5:L5,"<>") -> 0 | N5: Food Total | O5: =+SUM(D2:D32) -> 2777.74
A6: 5 | B6: 45662 | C6: =277.41 -> 277.41 | D6: =285 -> 285 | E6: 0 | F6: 0 | G6: 0 | H6: 0 | I6: =39 -> 39 | J6: 0 | K6: 0 | L6: 0 | M6: =SUMIF(C6:L6,"<>") -> 601.41 | N6: Fun Total | O6: =SUM(J2:J32) -> 0
A7: 6 | B7: 45663 | C7: 0 | D7: 0 | E7: =300 -> 300 | F7: 0 | G7: 0 | H7: 0 | I7: 0 | J7: 0 | K7: 0 | L7: 0 | M7: =SUMIF(C7:K7,"<>") -> 300 | N7: Edu Total | O7: =SUM(K2:K32) -> 0
A8: 7 | B8: 45664 | C8: =44.58 -> 44.58 | D8: 0 | E8: 0 | F8: 0 | G8: =615 -> 615 | H8: 0 | I8: 0 | J8: 0 | K8: 0 | L8: 0 | M8: =SUMIF(C8:K8,"<>") -> 659.58 | N8: Trans. Total | O8: =+SUM(E2:E32) -> 6025.03
A9: 8 | B9: 45665 | C9: =131.5+138.2 -> 269.7 | D9: 0 | E9: 0 | F9: 0 | G9: 0 | H9: 0 | I9: 0 | J9: 0 | K9: 0 | L9: 0 | M9: =SUMIF(C9:L9,"<>") -> 269.7 | N9: Taksit Total | O9: =Sum(H2:H32) -> 23293.7
A10: 9 | B10: 45666 | C10: 0 | D10: 0 | E10: 0 | F10: 0 | G10: 0 | H10: 0 | I10: 0 | J10: 0 | K10: 0 | L10: 0 | M10: =SUMIF(C10:L10,"<>") -> 0 | N10: Abonelik Top. | O10: =SUM(I2:I32) -> 188.54
A11: 10 | B11: 45667 | C11: 0 | D11: =200 -> 200 | E11: 0 | F11: 0 | G11: 0 | H11: 0 | I11: 0 | J11: 0 | K11: 0 | L11: 0 | M11: =SUMIF(C11:L11,"<>") -> 200 | N11: Other Total | O11: =+SUM(L2:L32) -> 9911.15
A12: 11 | B12: 45668 | C12: =59.95 -> 59.95 | D12: 0 | E12: 0 | F12: 0 | G12: 0 | H12: =3625.88 -> 3625.88 | I12: =103.9 -> 103.9 | J12: 0 | K12: 0 | L12: 0 | M12: =SUMIF(C12:L12,"<>") -> 3789.73 | N12: Bills | O12: =sum(G2:G32) -> 3215
A13: 12 | B13: 45669 | C13: 0 | D13: 0 | E13: 0 | F13: 0 | G13: 0 | H13: 0 | I13: 0 | J13: 0 | K13: 0 | L13: 0 | M13: =SUMIF(C13:L13,"<>") -> 0 | N13: Total | O13: =+SUM(C2:L32) -> 57056.01
A14: 13 | B14: 45670 | C14: 0 | D14: 0 | E14: 0 | F14: 0 | G14: 0 | H14: 0 | I14: 0 | J14: 0 | K14: 0 | L14: 0 | M14: =SUMIF(C14:L14,"<>") -> 0
A15: 14 | B15: 45671 | C15: 0 | D15: 0 | E15: 0 | F15: 0 | G15: 0 | H15: 0 | I15: 0 | J15: 0 | K15: 0 | L15: 0 | M15: =SUMIF(C15:L15,"<>") -> 0
A16: 15 | B16: 45672 | C16: 0 | D16: 0 | E16: 0 | F16: 0 | G16: 0 | H16: 0 | I16: 0 | J16: 0 | K16: 0 | L16: 0 | M16: =SUMIF(C16:L16,"<>") -> 0
A17: 16 | B17: 45673 | C17: 0 | D17: 0 | E17: 0 | F17: 0 | G17: 0 | H17: 0 | I17: 0 | J17: 0 | K17: 0 | L17: 0 | M17: =SUMIF(C17:L17,"<>") -> 0
A18: 17 | B18: 45674 | C18: 0 | D18: 0 | E18: 0 | F18: 0 | G18: 0 | H18: =177.5 -> 177.5 | I18: 0 | J18: 0 | K18: 0 | L18: 0 | M18: =SUMIF(C18:L18,"<>") -> 177.5
A19: 18 | B19: 45675 | C19: 0 | D19: =100 -> 100 | E19: 0 | F19: 0 | G19: 0 | H19: 0 | I19: 0 | J19: 0 | K19: 0 | L19: 0 | M19: =SUMIF(C19:L19,"<>") -> 100
A20: 19 | B20: 45676 | C20: =88.89 -> 88.89 | D20: 0 | E20: 0 | F20: 0 | G20: 0 | H20: 0 | I20: 0 | J20: 0 | K20: 0 | L20: 0 | M20: =SUMIF(C20:L20,"<>") -> 88.89
A21: 20 | B21: 45677 | C21: 0 | D21: 0 | E21: 0 | F21: 0 | G21: 0 | H21: 0 | I21: 0 | J21: 0 | K21: 0 | L21: 0 | M21: =SUMIF(D21:L21,"<>") -> 0
A22: 21 | B22: 45678 | C22: =253.02 -> 253.02 | D22: =839.32 -> 839.32 | E22: =1205 -> 1205 | F22: 0 | G22: 0 | H22: 0 | I22: 0 | J22: 0 | K22: 0 | L22: =9739.91 -> 9739.91 | M22: =SUMIF(C22:L22,"<>") -> 12037.25
A23: 22 | B23: 45679 | C23: =686.32+144.84+301.57 -> 1132.73 | D23: =116.24 -> 116.24 | E23: =696.71 -> 696.71 | F23: 0 | G23: 0 | H23: 0 | I23: 0 | J23: 0 | K23: 0 | L23: 0 | M23: =SUMIF(C23:L23,"<>") -> 1945.68
A24: 23 | B24: 45680 | C24: =343.63+646.83 -> 990.46 | D24: =1017.18 -> 1017.18 | E24: 0 | F24: 0 | G24: 0 | H24: 0 | I24: 0 | J24: 0 | K24: 0 | L24: 0 | M24: =SUMIF(C24:L24,"<>") -> 2007.64
A25: 24 | B25: 45681 | C25: 0 | D25: 0 | E25: =1963.32 -> 1963.32 | F25: 0 | G25: 0 | H25: =200.32 -> 200.32 | I25: 0 | J25: 0 | K25: 0 | L25: 0 | M25: =SUMIF(C25:L25,"<>") -> 2163.64
A26: 25 | B26: 45682 | C26: =886.5+190 -> 1076.5 | D26: 0 | E26: =780*2 -> 1560 | F26: 0 | G26: 0 | H26: 0 | I26: 0 | J26: 0 | K26: 0 | L26: 0 | M26: =SUMIF(C26:L26,"<>") -> 2636.5
A27: 26 | B27: 45683 | C27: =129.3+142.13 -> 271.43 | D27: 0 | E27: =300 -> 300 | F27: 0 | G27: 0 | H27: 0 | I27: 0 | J27: 0 | K27: 0 | L27: 0 | M27: =SUMIF(C27:L27,"<>") -> 571.43
A28: 27 | B28: 45684 | C28: =37.5 -> 37.5 | D28: =220 -> 220 | E28: 0 | F28: 0 | G28: 0 | H28: 0 | I28: 0 | J28: 0 | K28: 0 | L28: 0 | M28: =SUMIF(C28:L28,"<>") -> 257.5
A29: 28 | B29: 45685 | C29: 0 | D29: 0 | E29: 0 | F29: 0 | G29: 0 | H29: 0 | I29: 0 | J29: 0 | K29: 0 | L29: =171.24 -> 171.24 | M29: =SUMIF(C29:L29,"<>") -> 171.24
A30: 29 | B30: 45686 | C30: =142.68 -> 142.68 | D30: 0 | E30: 0 | F30: 0 | G30: 0 | H30: 0 | I30: 0 | J30: 0 | K30: 0 | L30: 0 | M30: =SUMIF(C30:L30,"<>") -> 142.68
A31: 30 | B31: 45687 | C31: 0 | D31: 0 | E31: 0 | F31: 0 | G31: 0 | H31: 0 | I31: 0 | J31: 0 | K31: 0 | L31: 0 | M31: =SUMIF(C31:L31,"<>") -> 0
A32: 31 | B32: 45688 | C32: 0 | D32: 0 | E32: 0 | F32: =7000 -> 7000 | G32: =2600 -> 2600 | H32: =1420 -> 1420 | I32: 0 | J32: 0 | K32: 0 | L32: 0 | M32: =SUMIF(C32:L32,"<>") -> 11020

Sheet ŞUBAT-2025
B1: Date | C1: Market | D1: Food | E1: Transport | F1: Rent | G1: Bills | H1: Taksit | I1: Abonelik | J1: Fun | K1: Edu | L1: Other | M1: Daily Total
A2: 1 | B2: 45689 | C2: =256.2 -> 256.2 | D2: 0 | E2: =250 -> 250 | F2: 0 | G2: 0 | H2: =17400 -> 17400 | I2: 0 | J2: 0 | K2: 0 | L2: =69.7 -> 69.7 | M2: =SUMIF(C2:L2,"<>") -> 17975.9 | N2: Daily Avg. Food | O2: =+SUM(C2:C29,D2:D29)/ COUNTIFS(C2:C29, "<>", D2:D29, "<>") -> 177.61536
A3: 2 | B3: 45690 | C3: =280.5+40.49+85.11 -> 406.1 | D3: 0 | E3: 0 | F3: 0 | G3: 0 | H3: 0 | I3: =25.95 -> 25.95 | J3: 0 | K3: 0 | L3: 0 | M3: =SUMIF(C3:K3,"<>") -> 432.05 | N3: Daily Avg | O3: =+O13 / COUNTIF(C2:C29, "<>") -> 1446.0468
A4: 3 | B4: 45691 | C4: 0 | D4: 0 | E4: 0 | F4: 0 | G4: 0 | H4: =470 -> 470 | I4: =19.71 -> 19.71 | J4: 0 | K4: 0 | L4: 0 | M4: =SUMIF(C4:L4,"<>") -> 489.71 | N4: Market Total | O4: =+SUM(C2:C29) -> 2964.23
A5: 4 | B5: 45692 | C5: =85 -> 85 | D5: 0 | E5: 0 | F5: 0 | G5: 0 | H5: 0 | I5: 0 | J5: 0 | K5: 0 | L5: 0 | M5: =SUMIF(C5:L5,"<>") -> 85 | N5: Food Total | O5: =+SUM(D2:D29) -> 2009
A6: 5 | B6: 45693 | C6: 0 | D6: =635 -> 635 | E6: 0 | F6: 0 | G6: 0 | H6: 0 | I6: =39 -> 39 | J6: 0 | K6: 0 | L6: 0 | M6: =SUMIF(C6:L6,"<>") -> 674 | N6: Fun Total | O6: =SUM(J2:J29) -> 300
A7: 6 | B7: 45694 | C7: =29+49.99 -> 78.99 | D7: 0 | E7: 0 | F7: 0 | G7: 0 | H7: 0 | I7: 0 | J7: 0 | K7: 0 | L7: 0 | M7: =SUMIF(C7:K7,"<>") -> 78.99 | N7: Edu Total | O7: =SUM(K2:K29) -> 0
A8: 7 | B8: 45695 | C8: =60 -> 60 | D8: =380 -> 380 | E8: 0 | F8: 0 | G8: 0 | H8: 0 | I8: 0 | J8: 0 | K8: 0 | L8: 0 | M8: =SUMIF(C8:K8,"<>") -> 440 | N8: Trans. Total | O8: =+SUM(E2:E29) -> 454.99
A9: 8 | B9: 45696 | C9: =355.29 -> 355.29 | D9: 0 | E9: 0 | F9: 0 | G9: =671.5 -> 671.5 | H9: 0 | I9: 0 | J9: 0 | K9: 0 | L9: 0 | M9: =SUMIF(C9:L9,"<>") -> 1026.79 | N9: Taksit Total | O9: =Sum(H2:H29) -> 29469.09
A10: 9 | B10: 45697 | C10: 0 | D10: 0 | E10: 0 | F10: 0 | G10: 0 | H10: 0 | I10: 0 | J10: 0 | K10: 0 | L10: 0 | M10: =SUMIF(C10:L10,"<>") -> 0 | N10: Abonelik Top. | O10: =SUM(I2:I29) -> 84.66
A11: 10 | B11: 45698 | C11: 0 | D11: 0 | E11: 0 | F11: 0 | G11: 0 | H11: 0 | I11: 0 | J11: 0 | K11: 0 | L11: =320 -> 320 | M11: =SUMIF(C11:L11,"<>") -> 320 | N11: Other Total | O11: =+SUM(L2:L29) -> 3184.7
A12: 11 | B12: 45699 | C12: 0 | D12: 0 | E12: 0 | F12: 0 | G12: 0 | H12: =3625.88 -> 3625.88 | I12: 0 | J12: =300 -> 300 | K12: 0 | L12: 0 | M12: =SUMIF(C12:L12,"<>") -> 3925.88 | N12: Bills | O12: =sum(G2:G29) -> 2022.64
A13: 12 | B13: 45700 | C13: 0 | D13: =250 -> 250 | E13: 0 | F13: 0 | G13: 0 | H13: =5666.5 -> 5666.5 | I13: 0 | J13: 0 | K13: 0 | L13: 0 | M13: =SUMIF(C13:L13,"<>") -> 5916.5 | N13: Total | O13: =+SUM(C2:L29) -> 40489.31
A14: 13 | B14: 45701 | C14: =94 -> 94 | D14: 0 | E14: 0 | F14: 0 | G14: 0 | H14: 0 | I14: 0 | J14: 0 | K14: 0 | L14: =360 -> 360 | M14: =SUMIF(C14:L14,"<>") -> 454
A15: 14 | B15: 45702 | C15: 0 | D15: 0 | E15: 0 | F15: 0 | G15: 0 | H15: 0 | I15: 0 | J15: 0 | K15: 0 | L15: 0 | M15: =SUMIF(C15:L15,"<>") -> 0
A16: 15 | B16: 45703 | C16: =125.77 -> 125.77 | D16: 0 | E16: =204.99 -> 204.99 | F16: 0 | G16: 0 | H16: 0 | I16: 0 | J16: 0 | K16: 0 | L16: 0 | M16: =SUMIF(C16:L16,"<>") -> 330.76
A17: 16 | B17: 45704 | C17: =76.9+57.75 -> 134.65 | D17: 0 | E17: 0 | F17: 0 | G17: 0 | H17: 0 | I17: 0 | J17: 0 | K17: 0 | L17: 0 | M17: =SUMIF(C17:L17,"<>") -> 134.65
A18: 17 | B18: 45705 | C18: =139.57+62.79 -> 202.36 | D18: 0 | E18: 0 | F18: 0 | G18: 0 | H18: =177.5+593.06 -> 770.56 | I18: 0 | J18: 0 | K18: 0 | L18: 0 | M18: =SUMIF(C18:L18,"<>") -> 972.92
A19: 18 | B19: 45706 | C19: 0 | D19: 0 | E19: 0 | F19: 0 | G19: =1351.14 -> 1351.14 | H19: 0 | I19: 0 | J19: 0 | K19: 0 | L19: 0 | M19: =SUMIF(C19:L19,"<>") -> 1351.14
A20: 19 | B20: 45707 | C20: =63.75 -> 63.75 | D20: 0 | E20: 0 | F20: 0 | G20: 0 | H20: =1335.83 -> 1335.83 | I20: 0 | J20: 0 | K20: 0 | L20: 0 | M20: =SUMIF(C20:L20,"<>") -> 1399.58
A21: 20 | B21: 45708 | C21: =158 -> 158 | D21: 0 | E21: 0 | F21: 0 | G21: 0 | H21: 0 | I21: 0 | J21: 0 | K21: 0 | L21: =350 -> 350 | M21: =SUMIF(D21:L21,"<>") -> 350
A22: 21 | B22: 45709 | C22: =83.9 -> 83.9 | D22: 0 | E22: 0 | F22: 0 | G22: 0 | H22: 0 | I22: 0 | J22: 0 | K22: 0 | L22: 0 | M22: =SUMIF(C22:L22,"<>") -> 83.9
A23: 22 | B23: 45710 | C23: =52.5+138.75 -> 191.25 | D23: =510 -> 510 | E23: 0 | F23: 0 | G23: 0 | H23: 0 | I23: 0 | J23: 0 | K23: 0 | L23: =140+160+35 -> 335 | M23: =SUMIF(C23:L23,"<>") -> 1036.25
A24: 23 | B24: 45711 | C24: =57+15.59+90.5 -> 163.09 | D24: 0 | E24: 0 | F24: 0 | G24: 0 | H24: 0 | I24: 0 | J24: 0 | K24: 0 | L24: =450 -> 450 | M24: =SUMIF(C24:L24,"<>") -> 613.09
A25: 24 | B25: 45712 | C25: =92 -> 92 | D25: 0 | E25: 0 | F25: 0 | G25: 0 | H25: =200.32 -> 200.32 | I25: 0 | J25: 0 | K25: 0 | L25: 0 | M25: =SUMIF(C25:L25,"<>") -> 292.32
A26: 25 | B26: 45713 | C26: 0 | D26: =234 -> 234 | E26: 0 | F26: 0 | G26: 0 | H26: 0 | I26: 0 | J26: 0 | K26: 0 | L26: =100+1200 -> 1300 | M26: =SUMIF(C26:L26,"<>") -> 1534
A27: 26 | B27: 45714 | C27: =76.5+74.93 -> 151.43 | D27: 0 | E27: 0 | F27: 0 | G27: 0 | H27: 0 | I27: 0 | J27: 0 | K27: 0 | L27: 0 | M27: =SUMIF(C27:L27,"<>") -> 151.43
A28: 27 | B28: 45715 | C28: 0 | D28: 0 | E28: 0 | F28: 0 | G28: 0 | H28: 0 | I28: 0 | J28: 0 | K28: 0 | L28: 0 | M28: =SUMIF(C28:L28,"<>") -> 0
A29: 28 | B29: 45716 | C29: =262.45 -> 262.45 | D29: 0 | E29: 0 | F29: 0 | G29: 0 | H29: 0 | I29: 0 | J29: 0 | K29: 0 | L29: 0 | M29: =SUMIF(C29:L29,"<>") -> 262.45

Sheet MART-2025
B1: Date | C1: Market | D1: Food | E1: Transport | F1: Rent | G1: Bills | H1: Taksit | I1: Abonelik | J1: Fun | K1: Edu | L1: Other | M1: Daily Total
A2: 1 | B2: 45717 | C2: 0 | D2: 0 | E2: 0 | F2: =250 -> 250 | G2: 0 | H2: 0 | I2: 0 | J2: 0 | K2: 0 | L2: 0 | M2: =SUMIF(C2:L2,"<>") -> 250 | N2: Daily Avg. Food | O2: =+SUM(C2:C32,D2:D29)/ COUNTIFS(C2:C29, "<>", D2:D29, "<>") -> 290.69786
A3: 2 | B3: 45718 | C3: =23+35+45.48+82+239.72 -> 425.2 | D3: 0 | E3: 0 | F3: 0 | G3: 0 | H3: 0 | I3: =26.03 -> 26.03 | J3: 0 | K3: 0 | L3: 0 | M3: =SUMIF(C3:K3,"<>") -> 451.23 | N3: Daily Avg | O3: =+O13 / COUNTIF(C2:C32, "<>") -> 2095.4142
A4: 3 | B4: 45719 | C4: =173.65+281.7 -> 455.35 | D4: 0 | E4: 0 | F4: 0 | G4: 0 | H4: =470 -> 470 | I4: =19.57 -> 19.57 | J4: 0 | K4: 0 | L4: =170 -> 170 | M4: =SUMIF(C4:L4,"<>") -> 1114.92 | N4: Market Total | O4: =+SUM(C2:C32) -> 7042.54
A5: 4 | B5: 45720 | C5: 0 | D5: 0 | E5: =780 -> 780 | F5: 0 | G5: 0 | H5: 0 | I5: 0 | J5: 0 | K5: 0 | L5: =265 -> 265 | M5: =SUMIF(C5:L5,"<>") -> 1045 | N5: Food Total | O5: =+SUM(D2:D32) -> 1382
A6: 5 | B6: 45721 | C6: =617.25 -> 617.25 | D6: 0 | E6: 0 | F6: 0 | G6: 0 | H6: 0 | I6: =39 -> 39 | J6: 0 | K6: 0 | L6: 0 | M6: =SUMIF(C6:L6,"<>") -> 656.25 | N6: Fun Total | O6: =SUM(J2:J32) -> 0
A7: 6 | B7: 45722 | C7: =50+55 -> 105 | D7: 0 | E7: 0 | F7: 0 | G7: 0 | H7: 0 | I7: 0 | J7: 0 | K7: 0 | L7: 0 | M7: =SUMIF(C7:K7,"<>") -> 105 | N7: Edu Total | O7: =SUM(K2:K32) -> 0
A8: 7 | B8: 45723 | C8: 0 | D8: =234 -> 234 | E8: 0 | F8: 0 | G8: 0 | H8: 0 | I8: 0 | J8: 0 | K8: 0 | L8: 0 | M8: =SUMIF(C8:K8,"<>") -> 234 | N8: Trans. Total | O8: =+SUM(E2:E32) -> 3623.57
A9: 8 | B9: 45724 | C9: =50+176.25+279.11 -> 505.36 | D9: 0 | E9: 0 | F9: 0 | G9: 0 | H9: 0 | I9: 0 | J9: 0 | K9: 0 | L9: 0 | M9: =SUMIF(C9:L9,"<>") -> 505.36 | N9: Taksit Total | O9: =Sum(H2:H32) -> 12484.7
A10: 9 | B10: 45725 | C10: =165 -> 165 | D10: 0 | E10: 0 | F10: 0 | G10: =674.1+80.7+303.51+210 -> 1268.31 | H10: 0 | I10: 0 | J10: 0 | K10: 0 | L10: 0 | M10: =SUMIF(C10:L10,"<>") -> 1433.31 | N10: Abonelik Top. | O10: =SUM(I2:I32) -> 84.6
A11: 10 | B11: 45726 | C11: 0 | D11: 0 | E11: 0 | F11: 0 | G11: 0 | H11: 0 | I11: 0 | J11: 0 | K11: 0 | L11: 0 | M11: =SUMIF(C11:L11,"<>") -> 0 | N11: Other Total | O11: =+SUM(L2:L32) -> 23778.55
A12: 11 | B12: 45727 | C12: =25+54.9 -> 79.9 | D12: =150 -> 150 | E12: 0 | F12: 0 | G12: 0 | H12: =3625.88 -> 3625.88 | I12: 0 | J12: 0 | K12: 0 | L12: =690 -> 690 | M12: =SUMIF(C12:L12,"<>") -> 4545.78 | N12: Bills | O12: =sum(G2:G32) -> 1311.88
A13: 12 | B13: 45728 | C13: 0 | D13: 0 | E13: 0 | F13: 0 | G13: =43.57 -> 43.57 | H13: =5666.5 -> 5666.5 | I13: 0 | J13: 0 | K13: 0 | L13: 0 | M13: =SUMIF(C13:L13,"<>") -> 5710.07 | N13: Total | O13: =+SUM(C2:L32) -> 64957.84
A14: 13 | B14: 45729 | C14: =40 -> 40 | D14: 0 | E14: 0 | F14: 0 | G14: 0 | H14: 0 | I14: 0 | J14: 0 | K14: 0 | L14: 0 | M14: =SUMIF(C14:L14,"<>") -> 40
A15: 14 | B15: 45730 | C15: 0 | D15: 0 | E15: 0 | F15: 0 | G15: 0 | H15: 0 | I15: 0 | J15: 0 | K15: 0 | L15: 0 | M15: =SUMIF(C15:L15,"<>") -> 0
A16: 15 | B16: 45731 | C16: =187+105 -> 292 | D16: 0 | E16: 0 | F16: =15000 -> 15000 | G16: 0 | H16: 0 | I16: 0 | J16: 0 | K16: 0 | L16: =300 -> 300 | M16: =SUMIF(C16:L16,"<>") -> 15592
A17: 16 | B17: 45732 | C17: =62+52.5+308.4+231.5 -> 654.4 | D17: 0 | E17: 0 | F17: 0 | G17: 0 | H17: =366 -> 366 | I17: 0 | J17: 0 | K17: 0 | L17: =115+89+279.9+758.65 -> 1242.55 | M17: =SUMIF(C17:L17,"<>") -> 2262.95
A18: 17 | B18: 45733 | C18: =201 -> 201 | D18: 0 | E18: 0 | F18: 0 | G18: 0 | H18: =177.5+537 -> 714.5 | I18: 0 | J18: 0 | K18: 0 | L18: 0 | M18: =SUMIF(C18:L18,"<>") -> 915.5
A19: 18 | B19: 45734 | C19: =467.36 -> 467.36 | D19: 0 | E19: 0 | F19: 0 | G19: 0 | H19: 0 | I19: 0 | J19: 0 | K19: 0 | L19: 0 | M19: =SUMIF(C19:L19,"<>") -> 467.36
A20: 19 | B20: 45735 | C20: =213.95+275.69 -> 489.64 | D20: 0 | E20: =700 -> 700 | F20: 0 | G20: 0 | H20: =306+1335.82 -> 1641.82 | I20: 0 | J20: 0 | K20: 0 | L20: =299+10800 -> 11099 | M20: =SUMIF(C20:L20,"<>") -> 13930.46
A21: 20 | B21: 45736 | C21: =300.09 -> 300.09 | D21: =234 -> 234 | E21: 0 | F21: 0 | G21: 0 | H21: 0 | I21: 0 | J21: 0 | K21: 0 | L21: 0 | M21: =SUMIF(D21:L21,"<>") -> 234
A22: 21 | B22: 45737 | C22: =552.45 -> 552.45 | D22: 0 | E22: 0 | F22: 0 | G22: 0 | H22: 0 | I22: 0 | J22: 0 | K22: 0 | L22: =170 -> 170 | M22: =SUMIF(C22:L22,"<>") -> 722.45
A23: 22 | B23: 45738 | C23: =150 -> 150 | D23: =234 -> 234 | E23: 0 | F23: 0 | G23: 0 | H23: 0 | I23: 0 | J23: 0 | K23: 0 | L23: =50 -> 50 | M23: =SUMIF(C23:L23,"<>") -> 434
A24: 23 | B24: 45739 | C24: =1173.14+119.9 -> 1293.04 | D24: 0 | E24: 0 | F24: 0 | G24: 0 | H24: 0 | I24: 0 | J24: 0 | K24: 0 | L24: 0 | M24: =SUMIF(C24:L24,"<>") -> 1293.04
A25: 24 | B25: 45740 | C25: =88.5+161 -> 249.5 | D25: 0 | E25: 0 | F25: 0 | G25: 0 | H25: 0 | I25: 0 | J25: 0 | K25: 0 | L25: =9792 -> 9792 | M25: =SUMIF(C25:L25,"<>") -> 10041.5
A26: 25 | B26: 45741 | C26: 0 | D26: 0 | E26: 0 | F26: 0 | G26: 0 | H26: 0 | I26: 0 | J26: 0 | K26: 0 | L26: 0 | M26: =SUMIF(C26:L26,"<>") -> 0
A27: 26 | B27: 45742 | C27: 0 | D27: =75 -> 75 | E27: =780+635 -> 1415 | F27: 0 | G27: 0 | H27: 0 | I27: 0 | J27: 0 | K27: 0 | L27: 0 | M27: =SUMIF(C27:L27,"<>") -> 1490
A28: 27 | B28: 45743 | C28: 0 | D28: 0 | E28: 0 | F28: 0 | G28: 0 | H28: 0 | I28: 0 | J28: 0 | K28: 0 | L28: 0 | M28: =SUMIF(C28:L28,"<>") -> 0
A29: 28 | B29: 45744 | C29: 0 | D29: =170 -> 170 | E29: 0 | F29: 0 | G29: 0 | H29: 0 | I29: 0 | J29: 0 | K29: 0 | L29: 0 | M29: =SUMIF(C29:L29,"<>") -> 170
A30: 29 | B30: 45745 | C30: 0 | D30: =60 -> 60 | E30: =30.57 -> 30.57 | F30: 0 | G30: 0 | H30: 0 | I30: 0 | J30: 0 | K30: 0 | L30: 0 | M30: =SUMIF(C30:L30,"<>") -> 90.57
A31: 30 | B31: 45746 | C31: 0 | D31: 0 | E31: =698 -> 698 | F31: 0 | G31: 0 | H31: 0 | I31: 0 | J31: 0 | K31: 0 | L31: 0 | M31: =SUMIF(C31:L31,"<>") -> 698
A32: 31 | B32: 45747 | C32: 0 | D32: =225 -> 225 | E32: 0 | F32: 0 | G32: 0 | H32: 0 | I32: 0 | J32: 0 | K32: 0 | L32: 0 | M32: =SUMIF(C32:L32,"<>") -> 225

Sheet NİSAN-2025
B1: Date | C1: Market | D1: Food | E1: Transport | F1: Rent | G1: Bills | H1: Taksit | I1: Abonelik | J1: Fun | K1: Edu | L1: Other | M1: Daily Total
A2: 1 | B2: 45748 | C2: 0 | D2: 0 | E2: 0 | F2: =250 -> 250 | G2: 0 | H2: 0 | I2: 0 | J2: 0 | K2: 0 | L2: 0 | M2: =SUMIF(C2:L2,"<>") -> 250 | N2: Daily Avg. Food | O2: =+SUM(C2:C31,D2:D31)/ COUNTIFS(C2:C31, "<>", D2:D31, "<>") -> 477.47633
A3: 2 | B3: 45749 | C3: 0 | D3: 0 | E3: 0 | F3: 0 | G3: =671.5 -> 671.5 | H3: =406.32 -> 406.32 | I3: =26.45 -> 26.45 | J3: 0 | K3: 0 | L3: 0 | M3: =SUMIF(C3:K3,"<>") -> 1104.27 | N3: Daily Avg | O3: =+O13 / COUNTIF(C2:C31, "<>") -> 1613.7633
A4: 3 | B4: 45750 | C4: =397 -> 397 | D4: 0 | E4: 0 | F4: 0 | G4: =725.75 -> 725.75 | H4: =470 -> 470 | I4: =20.16 -> 20.16 | J4: 0 | K4: 0 | L4: 0 | M4: =SUMIF(C4:L4,"<>") -> 1612.91 | N4: Market Total | O4: =+SUM(C2:C31) -> 5538.44
A5: 4 | B5: 45751 | C5: 0 | D5: 0 | E5: 0 | F5: 0 | G5: 0 | H5: 0 | I5: 0 | J5: 0 | K5: 0 | L5: =185 -> 185 | M5: =SUMIF(C5:L5,"<>") -> 185 | N5: Food Total | O5: =+SUM(D2:D31) -> 8785.85
A6: 5 | B6: 45752 | C6: =100.82 -> 100.82 | D6: 0 | E6: 0 | F6: 0 | G6: 0 | H6: 0 | I6: =39 -> 39 | J6: 0 | K6: 0 | L6: 0 | M6: =SUMIF(C6:L6,"<>") -> 139.82 | N6: Fun Total | O6: =SUM(J2:J31) -> 0
A7: 6 | B7: 45753 | C7: 0 | D7: =234 -> 234 | E7: 0 | F7: 0 | G7: 0 | H7: 0 | I7: 0 | J7: 0 | K7: 0 | L7: 0 | M7: =SUMIF(C7:K7,"<>") -> 234 | N7: Edu Total | O7: =SUM(K2:K31) -> 0
A8: 7 | B8: 45754 | C8: 0 | D8: 0 | E8: 0 | F8: 0 | G8: 0 | H8: 0 | I8: 0 | J8: 0 | K8: 0 | L8: 0 | M8: =SUMIF(C8:K8,"<>") -> 0 | N8: Trans. Total | O8: =+SUM(E2:E31) -> 1560
A9: 8 | B9: 45755 | C9: =26.95 -> 26.95 | D9: 0 | E9: 0 | F9: 0 | G9: 0 | H9: 0 | I9: 0 | J9: 0 | K9: 0 | L9: =1190 -> 1190 | M9: =SUMIF(C9:L9,"<>") -> 1216.95 | N9: Taksit Total | O9: =Sum(H2:H31) -> 13913.81
A10: 9 | B10: 45756 | C10: 0 | D10: =425.85 -> 425.85 | E10: 0 | F10: 0 | G10: 0 | H10: 0 | I10: 0 | J10: 0 | K10: 0 | L10: 0 | M10: =SUMIF(C10:L10,"<>") -> 425.85 | N10: Abonelik Top. | O10: =SUM(I2:I31) -> 85.61
A11: 10 | B11: 45757 | C11: 0 | D11: =221 -> 221 | E11: 0 | F11: 0 | G11: 0 | H11: 0 | I11: 0 | J11: 0 | K11: 0 | L11: 0 | M11: =SUMIF(C11:L11,"<>") -> 221 | N11: Other Total | O11: =+SUM(L2:L31) -> 1708.06
A12: 11 | B12: 45758 | C12: 0 | D12: =620 -> 620 | E12: 0 | F12: 0 | G12: 0 | H12: =3625.88 -> 3625.88 | I12: 0 | J12: 0 | K12: 0 | L12: 0 | M12: =SUMIF(C12:L12,"<>") -> 4245.88 | N12: Bills | O12: =sum(G2:G31) -> 1571.13
A13: 12 | B13: 45759 | C13: =154.5 -> 154.5 | D13: =331 -> 331 | E13: 0 | F13: 0 | G13: 0 | H13: =5666.5 -> 5666.5 | I13: 0 | J13: 0 | K13: 0 | L13: 0 | M13: =SUMIF(C13:L13,"<>") -> 6152 | N13: Total | O13: =+SUM(C2:L31) -> 48412.9
A14: 13 | B14: 45760 | C14: =1557.1+299.97 -> 1857.07 | D14: =5000+234 -> 5234 | E14: 0 | F14: 0 | G14: 0 | H14: =969.34 -> 969.34 | I14: 0 | J14: 0 | K14: 0 | L14: 0 | M14: =SUMIF(C14:L14,"<>") -> 8060.41
A15: 14 | B15: 45761 | C15: =199.39 -> 199.39 | D15: 0 | E15: 0 | F15: 0 | G15: 0 | H15: 0 | I15: 0 | J15: 0 | K15: 0 | L15: 0 | M15: =SUMIF(C15:L15,"<>") -> 199.39
A16: 15 | B16: 45762 | C16: 0 | D16: 0 | E16: 0 | F16: 0 | G16: 0 | H16: 0 | I16: 0 | J16: 0 | K16: 0 | L16: 0 | M16: =SUMIF(C16:L16,"<>") -> 0
A17: 16 | B17: 45763 | C17: =303.22+11 -> 314.22 | D17: 0 | E17: 0 | F17: 0 | G17: 0 | H17: =366 -> 366 | I17: 0 | J17: 0 | K17: 0 | L17: 0 | M17: =SUMIF(C17:L17,"<>") -> 680.22
A18: 17 | B18: 45764 | C18: 0 | D18: 0 | E18: 0 | F18: =15000 -> 15000 | G18: 0 | H18: =177.5 -> 177.5 | I18: 0 | J18: 0 | K18: 0 | L18: 0 | M18: =SUMIF(C18:L18,"<>") -> 15177.5
A19: 18 | B19: 45765 | C19: 0 | D19: 0 | E19: 0 | F19: 0 | G19: 0 | H19: 0 | I19: 0 | J19: 0 | K19: 0 | L19: 0 | M19: =SUMIF(C19:L19,"<>") -> 0
A20: 19 | B20: 45766 | C20: =424.5 -> 424.5 | D20: =465 -> 465 | E20: 0 | F20: 0 | G20: 0 | H20: =306+1335.82 -> 1641.82 | I20: 0 | J20: 0 | K20: 0 | L20: 0 | M20: =SUMIF(C20:L20,"<>") -> 2531.32
A21: 20 | B21: 45767 | C21: =436.33+251.36+362.9 -> 1050.59 | D21: 0 | E21: =780*2 -> 1560 | F21: 0 | G21: =173.88 -> 173.88 | H21: 0 | I21: 0 | J21: 0 | K21: 0 | L21: =333.06 -> 333.06 | M21: =SUMIF(D21:L21,"<>") -> 2066.94
A22: 21 | B22: 45768 | C22: 0 | D22: 0 | E22: 0 | F22: 0 | G22: 0 | H22: =590.45 -> 590.45 | I22: 0 | J22: 0 | K22: 0 | L22: 0 | M22: =SUMIF(C22:L22,"<>") -> 590.45
A23: 22 | B23: 45769 | C23: 0 | D23: 0 | E23: 0 | F23: 0 | G23: 0 | H23: 0 | I23: 0 | J23: 0 | K23: 0 | L23: 0 | M23: =SUMIF(C23:L23,"<>") -> 0
A24: 23 | B24: 45770 | C24: 0 | D24: 0 | E24: 0 | F24: 0 | G24: 0 | H24: 0 | I24: 0 | J24: 0 | K24: 0 | L24: 0 | M24: =SUMIF(C24:L24,"<>") -> 0
A25: 24 | B25: 45771 | C25: 0 | D25: 0 | E25: 0 | F25: 0 | G25: 0 | H25: 0 | I25: 0 | J25: 0 | K25: 0 | L25: 0 | M25: =SUMIF(C25:L25,"<>") -> 0
A26: 25 | B26: 45772 | C26: 0 | D26: 0 | E26: 0 | F26: 0 | G26: 0 | H26: 0 | I26: 0 | J26: 0 | K26: 0 | L26: 0 | M26: =SUMIF(C26:L26,"<>") -> 0
A27: 26 | B27: 45773 | C27: =240+476.99+34 -> 750.99 | D27: 0 | E27: 0 | F27: 0 | G27: 0 | H27: 0 | I27: 0 | J27: 0 | K27: 0 | L27: 0 | M27: =SUMIF(C27:L27,"<>") -> 750.99
A28: 27 | B28: 45774 | C28: 0 | D28: 0 | E28: 0 | F28: 0 | G28: 0 | H28: 0 | I28: 0 | J28: 0 | K28: 0 | L28: 0 | M28: =SUMIF(C28:L28,"<>") -> 0
A29: 28 | B29: 45775 | C29: =262.41 -> 262.41 | D29: 0 | E29: 0 | F29: 0 | G29: 0 | H29: 0 | I29: 0 | J29: 0 | K29: 0 | L29: 0 | M29: =SUMIF(C29:L29,"<>") -> 262.41
A30: 29 | B30: 45776 | C30: 0 | D30: =235+1020 -> 1255 | E30: 0 | F30: 0 | G30: 0 | H30: 0 | I30: 0 | J30: 0 | K30: 0 | L30: 0 | M30: =SUMIF(C30:L30,"<>") -> 1255
A31: 30 | B31: 45777 | C31: 0 | D31: 0 | E31: 0 | F31: 0 | G31: 0 | H31: 0 | I31: 0 | J31: 0 | K31: 0 | L31: 0 | M31: =SUMIF(C31:L31,"<>") -> 0

Sheet MAYIS-2025
B1: Date | C1: Market | D1: Food | E1: Transport | F1: Rent | G1: Bills | H1: Taksit | I1: Abonelik | J1: Fun | K1: Edu | L1: Other | M1: Daily Total
A2: 1 | B2: 45778 | C2: =53.25+453.46 -> 506.71 | D2: =340 -> 340 | E2: 0 | F2: 0 | G2: 0 | H2: 0 | I2: 0 | J2: 0 | K2: 0 | L2: 0 | M2: =SUMIF(C2:L2,"<>") -> 846.71 | N2: Daily Avg. Food | O2: =+SUM(C2:C32,D2:D32)/ COUNTIFS(C2:C32, "<>", D2:D32, "<>") -> 181.80161
A3: 2 | B3: 45779 | C3: 0 | D3: 0 | E3: =548+200 -> 748 | F3: 0 | G3: =760.75 -> 760.75 | H3: =470+406.31 -> 876.31 | I3: =25.82 -> 25.82 | J3: 0 | K3: 0 | L3: =406.31 -> 406.31 | M3: =SUMIF(C3:K3,"<>") -> 2410.88 | N3: Daily Avg | O3: =+O13 / COUNTIF(C2:C32, "<>") -> 1193.4794
A4: 3 | B4: 45780 | C4: =100.3 -> 100.3 | D4: =309.84 -> 309.84 | E4: =798 -> 798 | F4: 0 | G4: =671.5 -> 671.5 | H4: 0 | I4: =19.86 -> 19.86 | J4: =1199+110+1269 -> 2578 | K4: 0 | L4: 0 | M4: =SUMIF(C4:L4,"<>") -> 4477.5 | N4: Market Total | O4: =+SUM(C2:C32) -> 4986.01
A5: 4 | B5: 45781 | C5: 0 | D5: 0 | E5: =31.62 -> 31.62 | F5: 0 | G5: 0 | H5: 0 | I5: 0 | J5: 0 | K5: 0 | L5: 0 | M5: =SUMIF(C5:L5,"<>") -> 31.62 | N5: Food Total | O5: =+SUM(D2:D32) -> 649.84
A6: 5 | B6: 45782 | C6: 0 | D6: 0 | E6: 0 | F6: 0 | G6: 0 | H6: 0 | I6: =39 -> 39 | J6: 0 | K6: 0 | L6: =310+1110-310+415 -> 1525 | M6: =SUMIF(C6:L6,"<>") -> 1564 | N6: Fun Total | O6: =SUM(J2:J32) -> 2578
A7: 6 | B7: 45783 | C7: 0 | D7: 0 | E7: 0 | F7: 0 | G7: 0 | H7: 0 | I7: 0 | J7: 0 | K7: 0 | L7: 0 | M7: =SUMIF(C7:K7,"<>") -> 0 | N7: Edu Total | O7: =SUM(K2:K32) -> 0
A8: 7 | B8: 45784 | C8: 0 | D8: 0 | E8: 0 | F8: 0 | G8: 0 | H8: 0 | I8: 0 | J8: 0 | K8: 0 | L8: 0 | M8: =SUMIF(C8:K8,"<>") -> 0 | N8: Trans. Total | O8: =+SUM(E2:E32) -> 1577.62
A9: 8 | B9: 45785 | C9: =85 -> 85 | D9: 0 | E9: 0 | F9: 0 | G9: 0 | H9: 0 | I9: 0 | J9: 0 | K9: 0 | L9: 0 | M9: =SUMIF(C9:L9,"<>") -> 85 | N9: Taksit Total | O9: =Sum(H2:H32) -> 8184.15
A10: 9 | B10: 45786 | C10: 0 | D10: 0 | E10: 0 | F10: 0 | G10: 0 | H10: 0 | I10: 0 | J10: 0 | K10: 0 | L10: 0 | M10: =SUMIF(C10:L10,"<>") -> 0 | N10: Abonelik Top. | O10: =SUM(I2:I32) -> 84.68
A11: 10 | B11: 45787 | C11: =8.56 -> 8.56 | D11: 0 | E11: 0 | F11: 0 | G11: 0 | H11: 0 | I11: 0 | J11: 0 | K11: 0 | L11: 0 | M11: =SUMIF(C11:L11,"<>") -> 8.56 | N11: Other Total | O11: =+SUM(L2:L32) -> 2505.31
A12: 11 | B12: 45788 | C12: =4.05+15.41+8.56*2+14.63 -> 51.21 | D12: 0 | E12: 0 | F12: 0 | G12: 0 | H12: 0 | I12: 0 | J12: 0 | K12: 0 | L12: 0 | M12: =SUMIF(C12:L12,"<>") -> 51.21 | N12: Bills | O12: =sum(G2:G32) -> 1432.25
A13: 12 | B13: 45789 | C13: =8.56*3+14.63+7.6+18.74+8.56*2+7.6+8.56+12.9 -> 112.83 | D13: 0 | E13: 0 | F13: 0 | G13: 0 | H13: =5666.5 -> 5666.5 | I13: 0 | J13: 0 | K13: 0 | L13: 0 | M13: =SUMIF(C13:L13,"<>") -> 5779.33 | N13: Total | O13: =+SUM(C2:L32) -> 36997.86
A14: 13 | B14: 45790 | C14: =8.56*2+4.05+12+126.94+18.74 -> 178.85 | D14: 0 | E14: 0 | F14: 0 | G14: 0 | H14: =969.34 -> 969.34 | I14: 0 | J14: 0 | K14: 0 | L14: 0 | M14: =SUMIF(C14:L14,"<>") -> 1148.19
A15: 14 | B15: 45791 | C15: =8.56+20.25+14.63+4.05+24+18.74+20.25+8.56+12.9+25.05 -> 156.99 | D15: 0 | E15: 0 | F15: 0 | G15: 0 | H15: 0 | I15: 0 | J15: 0 | K15: 0 | L15: 0 | M15: =SUMIF(C15:L15,"<>") -> 156.99
A16: 15 | B16: 45792 | C16: =85.9+12+7.6+8.56*3+7.6+12.9+24+7.6 -> 183.28 | D16: 0 | E16: 0 | F16: =15000 -> 15000 | G16: 0 | H16: 0 | I16: 0 | J16: 0 | K16: 0 | L16: 0 | M16: =SUMIF(C16:L16,"<>") -> 15183.28
A17: 16 | B17: 45793 | C17: =30.6+8.56*2+20.25+8.56+12+7.6+12+17.1+113.72+105 -> 343.95 | D17: 0 | E17: 0 | F17: 0 | G17: 0 | H17: =366 -> 366 | I17: 0 | J17: 0 | K17: 0 | L17: 0 | M17: =SUMIF(C17:L17,"<>") -> 709.95
A18: 17 | B18: 45794 | C18: =58.95+106.2+172.75+35+8.23+65.5+52+17.1 -> 515.73 | D18: 0 | E18: 0 | F18: 0 | G18: 0 | H18: 0 | I18: 0 | J18: 0 | K18: 0 | L18: 0 | M18: =SUMIF(C18:L18,"<>") -> 515.73
A19: 18 | B19: 45795 | C19: =52+63.85+12*4 -> 163.85 | D19: 0 | E19: 0 | F19: 0 | G19: 0 | H19: 0 | I19: 0 | J19: 0 | K19: 0 | L19: 0 | M19: =SUMIF(C19:L19,"<>") -> 163.85
A20: 19 | B20: 45796 | C20: =98.25+8.23*2+244.43+12*2+17.1*2+12+7.6+8.23+12 -> 457.17 | D20: 0 | E20: 0 | F20: 0 | G20: 0 | H20: =306 -> 306 | I20: 0 | J20: 0 | K20: 0 | L20: 0 | M20: =SUMIF(C20:L20,"<>") -> 763.17
A21: 20 | B21: 45797 | C21: =68.65+8.23+12+8.23+75 -> 172.11 | D21: 0 | E21: 0 | F21: 0 | G21: 0 | H21: 0 | I21: 0 | J21: 0 | K21: 0 | L21: 0 | M21: =SUMIF(D21:L21,"<>") -> 0
A22: 21 | B22: 45798 | C22: =12+115+75+12+10.5+8.23*3+7.6+5 -> 261.79 | D22: 0 | E22: 0 | F22: 0 | G22: 0 | H22: 0 | I22: 0 | J22: 0 | K22: 0 | L22: 0 | M22: =SUMIF(C22:L22,"<>") -> 261.79
A23: 22 | B23: 45799 | C23: =82.3+30.6+20.25+12+8.23+8.23+7.6 -> 169.21 | D23: 0 | E23: 0 | F23: 0 | G23: 0 | H23: 0 | I23: 0 | J23: 0 | K23: 0 | L23: 0 | M23: =SUMIF(C23:L23,"<>") -> 169.21
A24: 23 | B24: 45800 | C24: =7*8.23 -> 57.61 | D24: 0 | E24: 0 | F24: 0 | G24: 0 | H24: 0 | I24: 0 | J24: 0 | K24: 0 | L24: 0 | M24: =SUMIF(C24:L24,"<>") -> 57.61
A25: 24 | B25: 45801 | C25: =219.5+12*3+8.23*4 -> 288.42 | D25: 0 | E25: 0 | F25: 0 | G25: 0 | H25: 0 | I25: 0 | J25: 0 | K25: 0 | L25: 0 | M25: =SUMIF(C25:L25,"<>") -> 288.42
A26: 25 | B26: 45802 | C26: =21.35+15.5+14.63+12+7.26*3 -> 85.26 | D26: 0 | E26: 0 | F26: 0 | G26: 0 | H26: 0 | I26: 0 | J26: 0 | K26: 0 | L26: 0 | M26: =SUMIF(C26:L26,"<>") -> 85.26
A27: 26 | B27: 45803 | C27: =20.25+7.26*2 -> 34.77 | D27: 0 | E27: 0 | F27: 0 | G27: 0 | H27: 0 | I27: 0 | J27: 0 | K27: 0 | L27: =574 -> 574 | M27: =SUMIF(C27:L27,"<>") -> 608.77
A28: 27 | B28: 45804 | C28: =70+7.6*2+7.26*6 -> 128.76 | D28: 0 | E28: 0 | F28: 0 | G28: 0 | H28: 0 | I28: 0 | J28: 0 | K28: 0 | L28: 0 | M28: =SUMIF(C28:L28,"<>") -> 128.76
A29: 28 | B29: 45805 | C29: =96+44+127.6+7.26 -> 274.86 | D29: 0 | E29: 0 | F29: 0 | G29: 0 | H29: 0 | I29: 0 | J29: 0 | K29: 0 | L29: 0 | M29: =SUMIF(C29:L29,"<>") -> 274.86
A30: 29 | B30: 45806 | C30: =86.32+69.95*2+30.6*2+7.6*2+7.26*2 -> 317.14 | D30: 0 | E30: 0 | F30: 0 | G30: 0 | H30: 0 | I30: 0 | J30: 0 | K30: 0 | L30: 0 | M30: =SUMIF(C30:L30,"<>") -> 317.14
A31: 30 | B31: 45807 | C31: =103+60+48.62+14.63+12+7.6*2+7.26*2 -> 267.97 | D31: 0 | E31: 0 | F31: 0 | G31: 0 | H31: 0 | I31: 0 | J31: 0 | K31: 0 | L31: 0 | M31: =SUMIF(C31:L31,"<>") -> 267.97
A32: 31 | B32: 45808 | C32: =25.05+14.63+12+12 -> 63.68 | D32: 0 | E32: 0 | F32: 0 | G32: 0 | H32: 0 | I32: 0 | J32: 0 | K32: 0 | L32: 0 | M32: =SUMIF(C32:L32,"<>") -> 63.68

Sheet HAZİRAN-2025
B1: Date | C1: Market | D1: Food | E1: Transport | F1: Rent | G1: Bills | H1: Taksit | I1: Abonelik | J1: Fun | K1: Edu | L1: Other | M1: Daily Total
A2: 1 | B2: 45809 | C2: =63+39.16+12+7.6*2+7.26*3 -> 151.14 | D2: 0 | E2: 0 | F2: 0 | G2: 0 | H2: 0 | I2: 0 | J2: 0 | K2: 0 | L2: =82 -> 82 | M2: =SUMIF(C2:L2,"<>") -> 233.14 | N2: Daily Avg. Food | O2: =+SUM(C2:C31,D2:D31)/ COUNTIFS(C2:C31, "<>", D2:D31, "<>") -> 731.79267
A3: 2 | B3: 45810 | C3: =71.23+30.6+20.25+12+12+7.88+7.26 -> 161.22 | D3: 0 | E3: 0 | F3: 0 | G3: 0 | H3: =406.31 -> 406.31 | I3: =24.99 -> 24.99 | J3: 0 | K3: 0 | L3: 0 | M3: =SUMIF(C3:K3,"<>") -> 592.52 | N3: Daily Avg | O3: =+O13 / COUNTIF(C2:C31, "<>") -> 2991.0787
A4: 3 | B4: 45811 | C4: =103.93+12+7.26+12+7.26*2+12+7.26+12+7.6+24+46.81 -> 259.38 | D4: 0 | E4: 0 | F4: 0 | G4: 0 | H4: 0 | I4: =18.99 -> 18.99 | J4: 0 | K4: 0 | L4: 0 | M4: =SUMIF(C4:L4,"<>") -> 278.37 | N4: Market Total | O4: =+SUM(C2:C31) -> 2016.34
A5: 4 | B5: 45812 | C5: =80+7.6+12+7.6 -> 107.2 | D5: =190+1160 -> 1350 | E5: 0 | F5: 0 | G5: 0 | H5: 0 | I5: 0 | J5: 0 | K5: 0 | L5: =600 -> 600 | M5: =SUMIF(C5:L5,"<>") -> 2057.2 | N5: Food Total | O5: =+SUM(D2:D31) -> 19937.44
A6: 5 | B6: 45813 | C6: =85 -> 85 | D6: 0 | E6: 0 | F6: 0 | G6: 0 | H6: 0 | I6: =49.9 -> 49.9 | J6: 0 | K6: 0 | L6: 0 | M6: =SUMIF(C6:L6,"<>") -> 134.9 | N6: Fun Total | O6: =SUM(J2:J31) -> 0
A7: 6 | B7: 45814 | C7: =75+90 -> 165 | D7: 0 | E7: 0 | F7: 0 | G7: =92.43+175+504.9+210+671.5 -> 1653.83 | H7: 0 | I7: 0 | J7: 0 | K7: 0 | L7: 0 | M7: =SUMIF(C7:K7,"<>") -> 1818.83 | N7: Edu Total | O7: =SUM(K2:K31) -> 0
A8: 7 | B8: 45815 | C8: 0 | D8: 0 | E8: 0 | F8: 0 | G8: 0 | H8: 0 | I8: 0 | J8: 0 | K8: 0 | L8: 0 | M8: =SUMIF(C8:K8,"<>") -> 0 | N8: Trans. Total | O8: =+SUM(E2:E31) -> 4761.25
A9: 8 | B9: 45816 | C9: =37 -> 37 | D9: =234 -> 234 | E9: 0 | F9: 0 | G9: 0 | H9: 0 | I9: 0 | J9: 0 | K9: 0 | L9: 0 | M9: =SUMIF(C9:L9,"<>") -> 271 | N9: Taksit Total | O9: =Sum(H2:H31) -> 15647.5
A10: 9 | B10: 45817 | C10: 0 | D10: 0 | E10: =780+700 -> 1480 | F10: 0 | G10: 0 | H10: 0 | I10: 0 | J10: 0 | K10: 0 | L10: 0 | M10: =SUMIF(C10:L10,"<>") -> 1480 | N10: Abonelik Top. | O10: =SUM(I2:I31) -> 93.88
A11: 10 | B11: 45818 | C11: =349.25 -> 349.25 | D11: 0 | E11: 0 | F11: 0 | G11: =854.48 -> 854.48 | H11: =470+536 -> 1006 | I11: 0 | J11: 0 | K11: 0 | L11: 0 | M11: =SUMIF(C11:L11,"<>") -> 2209.73 | N11: Other Total | O11: =+SUM(L2:L31) -> 29767.64
A12: 11 | B12: 45819 | C12: 0 | D12: =460 -> 460 | E12: 0 | F12: 0 | G12: 0 | H12: 0 | I12: 0 | J12: 0 | K12: 0 | L12: =30 -> 30 | M12: =SUMIF(C12:L12,"<>") -> 490 | N12: Bills | O12: =sum(G2:G31) -> 2508.31
A13: 12 | B13: 45820 | C13: =85 -> 85 | D13: 0 | E13: 0 | F13: 0 | G13: 0 | H13: =5666.5 -> 5666.5 | I13: 0 | J13: 0 | K13: 0 | L13: 0 | M13: =SUMIF(C13:L13,"<>") -> 5751.5 | N13: Total | O13: =+SUM(C2:L31) -> 89732.36
A14: 13 | B14: 45821 | C14: =69 -> 69 | D14: =280.5 -> 280.5 | E14: 0 | F14: 0 | G14: 0 | H14: =969.34 -> 969.34 | I14: 0 | J14: 0 | K14: 0 | L14: =170 -> 170 | M14: =SUMIF(C14:L14,"<>") -> 1488.84
A15: 14 | B15: 45822 | C15: 0 | D15: 0 | E15: 0 | F15: 0 | G15: 0 | H15: 0 | I15: 0 | J15: 0 | K15: 0 | L15: 0 | M15: =SUMIF(C15:L15,"<>") -> 0
A16: 15 | B16: 45823 | C16: =35+24.95 -> 59.95 | D16: =595 -> 595 | E16: 0 | F16: 0 | G16: 0 | H16: 0 | I16: 0 | J16: 0 | K16: 0 | L16: 0 | M16: =SUMIF(C16:L16,"<>") -> 654.95
A17: 16 | B17: 45824 | C17: =108.75 -> 108.75 | D17: =590 -> 590 | E17: 0 | F17: 0 | G17: 0 | H17: 0 | I17: 0 | J17: 0 | K17: 0 | L17: =256.79 -> 256.79 | M17: =SUMIF(C17:L17,"<>") -> 955.54
A18: 17 | B18: 45825 | C18: =20 -> 20 | D18: 0 | E18: 0 | F18: =15000 -> 15000 | G18: 0 | H18: 0 | I18: 0 | J18: 0 | K18: 0 | L18: 0 | M18: =SUMIF(C18:L18,"<>") -> 15020
A19: 18 | B19: 45826 | C19: =113 -> 113 | D19: =740 -> 740 | E19: 0 | F19: 0 | G19: 0 | H19: =949.5 -> 949.5 | I19: 0 | J19: 0 | K19: 0 | L19: 0 | M19: =SUMIF(C19:L19,"<>") -> 1802.5
A20: 19 | B20: 45827 | C20: =25+100.45+25 -> 150.45 | D20: 0 | E20: 0 | F20: 0 | G20: 0 | H20: 0 | I20: 0 | J20: 0 | K20: 0 | L20: 0 | M20: =SUMIF(C20:L20,"<>") -> 150.45
A21: 20 | B21: 45828 | C21: 0 | D21: 0 | E21: =555 -> 555 | F21: 0 | G21: 0 | H21: 0 | I21: 0 | J21: 0 | K21: 0 | L21: =710 -> 710 | M21: =SUMIF(D21:L21,"<>") -> 1265
A22: 21 | B22: 45829 | C22: =25+70 -> 95 | D22: =610 -> 610 | E22: 0 | F22: 0 | G22: 0 | H22: =6649.85 -> 6649.85 | I22: 0 | J22: 0 | K22: 0 | L22: =120 -> 120 | M22: =SUMIF(C22:L22,"<>") -> 7474.85
A23: 22 | B23: 45830 | C23: 0 | D23: =180 -> 180 | E23: 0 | F23: 0 | G23: 0 | H23: 0 | I23: 0 | J23: 0 | K23: 0 | L23: =664.93 -> 664.93 | M23: =SUMIF(C23:L23,"<>") -> 844.93
A24: 23 | B24: 45831 | C24: 0 | D24: =469.61+1252.93+732.75+567.28+261.32+296.1 -> 3579.99 | E24: =901.41+1075 -> 1976.41 | F24: 0 | G24: 0 | H24: 0 | I24: 0 | J24: 0 | K24: 0 | L24: =18851.53 -> 18851.53 | M24: =SUMIF(C24:L24,"<>") -> 24407.93
A25: 24 | B25: 45832 | C25: 0 | D25: =382.51+1308.57 -> 1691.08 | E25: 0 | F25: 0 | G25: 0 | H25: 0 | I25: 0 | J25: 0 | K25: 0 | L25: =4413.78 -> 4413.78 | M25: =SUMIF(C25:L25,"<>") -> 6104.86
A26: 25 | B26: 45833 | C26: 0 | D26: 0 | E26: 0 | F26: 0 | G26: 0 | H26: 0 | I26: 0 | J26: 0 | K26: 0 | L26: 0 | M26: =SUMIF(C26:L26,"<>") -> 0
A27: 26 | B27: 45834 | C27: 0 | D27: =863.85+287.92+86.37+64.58+719.81 -> 2022.53 | E27: 0 | F27: 0 | G27: 0 | H27: 0 | I27: 0 | J27: 0 | K27: 0 | L27: =1886.71 -> 1886.71 | M27: =SUMIF(C27:L27,"<>") -> 3909.24
A28: 27 | B28: 45835 | C28: 0 | D28: =744.5+478.41+531.47+68.69+429.87+719.88 -> 2972.82 | E28: 0 | F28: 0 | G28: 0 | H28: 0 | I28: 0 | J28: 0 | K28: 0 | L28: =483.34*3+193.34 -> 1643.36 | M28: =SUMIF(C28:L28,"<>") -> 4616.18
A29: 28 | B29: 45836 | C29: 0 | D29: =183.96+1112.31+33.73+783.23+33.73 -> 2146.96 | E29: =749.84 -> 749.84 | F29: 0 | G29: 0 | H29: 0 | I29: 0 | J29: 0 | K29: 0 | L29: =338.54 -> 338.54 | M29: =SUMIF(C29:L29,"<>") -> 3235.34
A30: 29 | B30: 45837 | C30: 0 | D30: =183.96+498.79+650.67+33.75+106.59+33.75*2+865.9 -> 2407.16 | E30: 0 | F30: 0 | G30: 0 | H30: 0 | I30: 0 | J30: 0 | K30: 0 | L30: 0 | M30: =SUMIF(C30:L30,"<>") -> 2407.16
A31: 30 | B31: 45838 | C31: 0 | D31: =77.4 -> 77.4 | E31: 0 | F31: 0 | G31: 0 | H31: 0 | I31: 0 | J31: 0 | K31: 0 | L31: 0 | M31: =SUMIF(C31:L31,"<>") -> 77.4

Sheet TEMMUZ-2025
A1: Shopping | B1: 43060
A2: Taksit | B2: 17604.62 | N2: Daily Avg. Food
A3: Home | B3: 15483.65 | N3: Daily Avg
A4: Market | B4: 11123.51 | N4: Market Total
A5: Health | B5: 9894 | N5: Food Total
A6: Bills | B6: 2568.04 | N6: Fun Total
A7: Entertainment | B7: 1584.5 | N7: Edu Total
A8: Food | B8: 1468.25 | N8: Trans. Total
A9: Transportation | B9: 1445.99 | N9: Taksit Total
A10: Personal Care | B10: 627.48 | N10: Abonelik Top.
A11: Subscription | B11: 93.88 | N11: Other Total
A12: Total | B12: =SUM(B1:B11) -> 104953.92 | N12: Bills
N13: Total
O32: 4

Sheet ARALIK-2023
B1: Date | C1: Food | D1: Transport | E1: Rent | F1: Bills | G1: Taksit | H1: Other | I1: Daily Total | J1: Daily Avg. Food | K1: Daily Avg | L1: Food Total | M1: Trans. Total | N1: Taksit Total | O1: Other Total | P1: Total
A2: 1 | B2: 45261 | C2: =37+44.5+56.4+117.4 -> 255.3 | D2: 0 | E2: 0 | F2: 0 | G2: 0 | H2: 0 | I2: =SUMIF(C2:H2,"<>") -> 255.3 | J2: =+SUM(C2:C32)/COUNTIF(C2:C32,"<>") -> 165.80258 | K2: =+P2 / COUNTIF(C2:C32, "<>") -> 375.38452 | L2: =+SUM(C2:C31) -> 4506.6 | M2: =+SUM(D2:D31) -> 149.95 | N2: =Sum(G2:G32) -> 6148.18 | O2: =+SUM(H2:H31) -> 309.69 | P2: =+SUM(C2:H31) -> 11636.92
A3: 2 | B3: 45262 | C3: =235+29.5+150 -> 414.5 | D3: 0 | E3: 0 | F3: =299.9 -> 299.9 | G3: 0 | H3: =13.47 -> 13.47 | I3: =SUMIF(C3:H3,"<>") -> 727.87
A4: 3 | B4: 45263 | C4: 0 | D4: 0 | E4: 0 | F4: 0 | G4: =1470.16+297.91 -> 1768.07 | H4: 0 | I4: =SUMIF(C4:H4,"<>") -> 1768.07
A5: 4 | B5: 45264 | C5: =58.5 -> 58.5 | D5: 0 | E5: 0 | F5: 0 | G5: =72.5+76.5 -> 149 | H5: 0 | I5: =SUMIF(C5:H5,"<>") -> 207.5
A6: 5 | B6: 45265 | C6: =7+24.5 -> 31.5 | D6: 0 | E6: 0 | F6: 0 | G6: 0 | H6: =39 -> 39 | I6: =SUMIF(C6:H6,"<>") -> 70.5
A7: 6 | B7: 45266 | C7: 0 | D7: 0 | E7: 0 | F7: 0 | G7: 0 | H7: 0 | I7: =SUMIF(C7:H7,"<>") -> 0
A8: 7 | B8: 45267 | C8: 0 | D8: 0 | E8: 0 | F8: =222.6 -> 222.6 | G8: =174.5+459.47 -> 633.97 | H8: 0 | I8: =SUMIF(C8:H8,"<>") -> 856.57
A9: 8 | B9: 45268 | C9: =123.4 -> 123.4 | D9: 0 | E9: 0 | F9: 0 | G9: 0 | H9: 0 | I9: =SUMIF(C9:H9,"<>") -> 123.4
A10: 9 | B10: 45269 | C10: =50+47.51 -> 97.51 | D10: 0 | E10: 0 | F10: 0 | G10: 0 | H10: =12.5 -> 12.5 | I10: =SUMIF(C10:H10,"<>") -> 110.01
A11: 10 | B11: 45270 | C11: =110.63+74.45 -> 185.08 | D11: 0 | E11: 0 | F11: 0 | G11: 0 | H11: 0 | I11: =SUMIF(C11:H11,"<>") -> 185.08 | K11: BORÇLAR
A12: 11 | B12: 45271 | C12: =48+48.45 -> 96.45 | D12: 0 | E12: 0 | F12: 0 | G12: 0 | H12: 0 | I12: =SUMIF(C12:H12,"<>") -> 96.45 | K12: Bu ay | L12: Kira | M12: Diyetisyen | N12: Yoga
A13: 12 | B13: 45272 | C13: =95.45+80+76.7+41.19 -> 293.34 | D13: 0 | E13: 0 | F13: 0 | G13: =230.01 -> 230.01 | H13: =125.36+79.5 -> 204.86 | I13: =SUMIF(C13:H13,"<>") -> 728.21 | K13: =P2 -> 11636.92 | L13: 0 | M13: 0 | N13: 0
A14: 13 | B14: 45273 | C14: =81.55+194.25 -> 275.8 | D14: 0 | E14: 0 | F14: 0 | G14: 0 | H14: 0 | I14: =SUMIF(C14:H14,"<>") -> 275.8 | K14: TOPLAM | M14: =Sum(K13:O13) -> 11636.92
A15: 14 | B15: 45274 | C15: =66.4 -> 66.4 | D15: 0 | E15: 0 | F15: 0 | G15: 0 | H15: 0 | I15: =SUMIF(C15:H15,"<>") -> 66.4
A16: 15 | B16: 45275 | C16: =30 -> 30 | D16: 0 | E16: 0 | F16: 0 | G16: 0 | H16: 0 | I16: =SUMIF(C16:H16,"<>") -> 30
A17: 16 | B17: 45276 | C17: =130 -> 130 | D17: 0 | E17: 0 | F17: 0 | G17: =162.5+62.5 -> 225 | H17: =19.9 -> 19.9 | I17: =SUMIF(C17:H17,"<>") -> 374.9
A18: 17 | B18: 45277 | C18: =60.75+27 -> 87.75 | D18: 0 | E18: 0 | F18: 0 | G18: 0 | H18: 0 | I18: =SUMIF(C18:H18,"<>") -> 87.75
A19: 18 | B19: 45278 | C19: 0 | D19: 0 | E19: 0 | F19: 0 | G19: 0 | H19: 0 | I19: =SUMIF(C19:H19,"<>") -> 0
A20: 19 | B20: 45279 | C20: =107.85+8.25+37.47 -> 153.57 | D20: 0 | E20: 0 | F20: 0 | G20: 0 | H20: 0 | I20: =SUMIF(C20:H20,"<>") -> 153.57
A21: 20 | B21: 45280 | C21: =112.75+66.7 -> 179.45 | D21: 0 | E21: 0 | F21: 0 | G21: =155.75 -> 155.75 | H21: 0 | I21: =SUMIF(C21:H21,"<>") -> 335.2
A22: 21 | B22: 45281 | C22: =33+30 -> 63 | D22: 0 | E22: 0 | F22: 0 | G22: 0 | H22: 0 | I22: =SUMIF(C22:H22,"<>") -> 63
A23: 22 | B23: 45282 | C23: 20 | D23: 0 | E23: 0 | F23: 0 | G23: 0 | H23: 0 | I23: =SUMIF(C23:H23,"<>") -> 20
A24: 23 | B24: 45283 | C24: =84+50+165+117.96 -> 416.96 | D24: 0 | E24: 0 | F24: 0 | G24: =490.32 -> 490.32 | H24: 0 | I24: =SUMIF(C24:H24,"<>") -> 907.28
A25: 24 | B25: 45284 | C25: =38.8+235+85 -> 358.8 | D25: 0 | E25: 0 | F25: 0 | G25: 0 | H25: 0 | I25: =SUMIF(C25:H25,"<>") -> 358.8
A26: 25 | B26: 45285 | C26: =51.5 -> 51.5 | D26: 0 | E26: 0 | F26: 0 | G26: 0 | H26: =19.96 -> 19.96 | I26: =SUMIF(C26:H26,"<>") -> 71.46
A27: 26 | B27: 45286 | C27: =61.9+48+43.5+129.74 -> 283.14 | D27: 0 | E27: 0 | F27: 0 | G27: =87.47+94.37+463.7 -> 645.54 | H27: 0 | I27: =SUMIF(C27:H27,"<>") -> 928.68
A28: 27 | B28: 45287 | C28: 0 | D28: 0 | E28: 0 | F28: 0 | G28: 0 | H28: 0 | I28: =SUMIF(C28:H28,"<>") -> 0
A29: 28 | B29: 45288 | C29: =249.04 -> 249.04 | D29: 0 | E29: 0 | F29: 0 | G29: =16.31+10.87+108.74+1714.6 -> 1850.52 | H29: 0 | I29: =SUMIF(C29:H29,"<>") -> 2099.56
A30: 29 | B30: 45289 | C30: =28.75+25.5+32.5 -> 86.75 | D30: 0 | E30: 0 | F30: 0 | G30: 0 | H30: 0 | I30: =SUMIF(C30:H30,"<>") -> 86.75
A31: 30 | B31: 45290 | C31: =200+84+114.86+100 -> 498.86 | D31: =74.95+75 -> 149.95 | E31: 0 | F31: 0 | G31: 0 | H31: 0 | I31: =SUMIF(C31:H31,"<>") -> 648.81
A32: 31 | B32: 45291 | C32: =55.85+171.93+405.5 -> 633.28 | D32: 0 | E32: 0 | F32: 0 | G32: 0 | H32: 0 | I32: =SUMIF(C32:H32,"<>") -> 633.28

Sheet OCAK-2024
B1: Date | C1: Market | D1: Yemek | E1: Transport | F1: Rent | G1: Bills | H1: Taksit | I1: Other | J1: Daily Total | K1: Daily Avg. Food | L1: Daily Avg | M1: Market Total | N1: Yemek Total | O1: Trans. Total | P1: Taksit Total | Q1: Other Total | R1: Total
A2: 1 | B2: 45292 | C2: =122.5 -> 122.5 | D2: 0 | E2: 0 | F2: 0 | G2: 0 | H2: 0 | I2: 0 | J2: =SUMIF(C2:I2,"<>") -> 122.5 | K2: =+SUM(C2:C32,D2:D32)/ COUNTIFS(C2:C32, "<>", D2:D32, "<>") -> 195.05194 | L2: =+R2 / COUNTIF(C2:C32, "<>") -> 431.86806 | M2: =+SUM(C2:C31) -> 5001.94 | N2: =+SUM(D2:D31) -> 902.15 | O2: =+SUM(E2:E31) -> 300.9 | P2: =Sum(H2:H32) -> 6090.36 | Q2: =+SUM(I2:I31) -> 563.26 | R2: =+SUM(C2:I31) -> 13387.91
A3: 2 | B3: 45293 | C3: 0 | D3: =280 -> 280 | E3: 0 | F3: 0 | G3: 0 | H3: 0 | I3: =13.54 -> 13.54 | J3: =SUMIF(C3:I3,"<>") -> 293.54
A4: 3 | B4: 45294 | C4: 0 | D4: 0 | E4: 0 | F4: 0 | G4: 0 | H4: =297.91+1470.16 -> 1768.07 | I4: 0 | J4: =SUMIF(C4:I4,"<>") -> 1768.07
A5: 4 | B5: 45295 | C5: 0 | D5: 0 | E5: 0 | F5: 0 | G5: 0 | H5: =76.5+72.5 -> 149 | I5: 0 | J5: =SUMIF(C5:I5,"<>") -> 149
A6: 5 | B6: 45296 | C6: =26.24 -> 26.24 | D6: 0 | E6: 0 | F6: 0 | G6: =299.9+229.4 -> 529.3 | H6: 0 | I6: =39+20 -> 59 | J6: =SUMIF(C6:I6,"<>") -> 614.54
A7: 6 | B7: 45297 | C7: 0 | D7: 0 | E7: 0 | F7: 0 | G7: 0 | H7: 0 | I7: 0 | J7: =SUMIF(C7:I7,"<>") -> 0
A8: 7 | B8: 45298 | C8: =188.55+123.65+27 -> 339.2 | D8: 0 | E8: 0 | F8: 0 | G8: 0 | H8: =459.47 -> 459.47 | I8: 0 | J8: =SUMIF(C8:I8,"<>") -> 798.67
A9: 8 | B9: 45299 | C9: =173.33 -> 173.33 | D9: 0 | E9: 0 | F9: 0 | G9: 0 | H9: 0 | I9: 0 | J9: =SUMIF(C9:I9,"<>") -> 173.33
A10: 9 | B10: 45300 | C10: =81.1+11.65+73.63+195.25 -> 361.63 | D10: 0 | E10: 0 | F10: 0 | G10: 0 | H10: 0 | I10: 0 | J10: =SUMIF(C10:I10,"<>") -> 361.63
A11: 10 | B11: 45301 | C11: =109 -> 109 | D11: 0 | E11: 0 | F11: 0 | G11: 0 | H11: 0 | I11: 0 | J11: =SUMIF(C11:I11,"<>") -> 109 | L11: BORÇLAR
A12: 11 | B12: 45302 | C12: =137.82 -> 137.82 | D12: 0 | E12: 0 | F12: 0 | G12: 0 | H12: 0 | I12: =104.95 -> 104.95 | J12: =SUMIF(C12:I12,"<>") -> 242.77 | L12: Bu ay | M12: Kira | N12: Diyetisyen
A13: 12 | B13: 45303 | C13: =444.2+134.71 -> 578.91 | D13: 0 | E13: 0 | F13: 0 | G13: 0 | H13: =229.98 -> 229.98 | I13: =126.15 -> 126.15 | J13: =SUMIF(C13:I13,"<>") -> 935.04 | L13: =R2 -> 13387.91 | M13: 0 | N13: 0
A14: 13 | B14: 45304 | C14: 0 | D14: 0 | E14: 0 | F14: 0 | G14: 0 | H14: 0 | I14: 0 | J14: =SUMIF(C14:I14,"<>") -> 0 | L14: TOPLAM | M14: =Sum(L13:O13) -> 13387.91
A15: 14 | B15: 45305 | C15: =96.27+80 -> 176.27 | D15: 0 | E15: 0 | F15: 0 | G15: 0 | H15: 0 | I15: 0 | J15: =SUMIF(C15:I15,"<>") -> 176.27
A16: 15 | B16: 45306 | C16: =138.83+44.9+55 -> 238.73 | D16: =99.9 -> 99.9 | E16: 0 | F16: 0 | G16: 0 | H16: 0 | I16: =19.9 -> 19.9 | J16: =SUMIF(C16:I16,"<>") -> 358.53
A17: 16 | B17: 45307 | C17: 0 | D17: 0 | E17: 0 | F17: 0 | G17: 0 | H17: =301.49 -> 301.49 | I17: 0 | J17: =SUMIF(C17:I17,"<>") -> 301.49
A18: 17 | B18: 45308 | C18: 0 | D18: 0 | E18: 0 | F18: 0 | G18: 0 | H18: 0 | I18: 0 | J18: =SUMIF(C18:I18,"<>") -> 0
A19: 18 | B19: 45309 | C19: =24.9+208.94 -> 233.84 | D19: 0 | E19: 0 | F19: 0 | G19: 0 | H19: 0 | I19: =220 -> 220 | J19: =SUMIF(C19:I19,"<>") -> 453.84
A20: 19 | B20: 45310 | C20: =231.35 -> 231.35 | D20: 0 | E20: 0 | F20: 0 | G20: 0 | H20: 0 | I20: 0 | J20: =SUMIF(C20:I20,"<>") -> 231.35
A21: 20 | B21: 45311 | C21: =131.75 -> 131.75 | D21: 0 | E21: 0 | F21: 0 | G21: 0 | H21: 0 | I21: 0 | J21: =SUMIF(C21:I21,"<>") -> 131.75
A22: 21 | B22: 45312 | C22: =175 -> 175 | D22: 0 | E22: 0 | F22: 0 | G22: 0 | H22: =106.25 -> 106.25 | I22: 0 | J22: =SUMIF(C22:I22,"<>") -> 281.25
A23: 22 | B23: 45313 | C23: =83.21+171.99+308.95 -> 564.15 | D23: =185 -> 185 | E23: 0 | F23: 0 | G23: 0 | H23: =67.51 -> 67.51 | I23: =19.72 -> 19.72 | J23: =SUMIF(C23:I23,"<>") -> 836.38
A24: 23 | B24: 45314 | C24: =179.08+39.9+169.75 -> 388.73 | D24: =157.25 -> 157.25 | E24: 0 | F24: 0 | G24: 0 | H24: =600 -> 600 | I24: 0 | J24: =SUMIF(C24:I24,"<>") -> 1145.98
A25: 24 | B25: 45315 | C25: 0 | D25: 0 | E25: 0 | F25: 0 | G25: 0 | H25: 0 | I25: 0 | J25: =SUMIF(C25:I25,"<>") -> 0
A26: 25 | B26: 45316 | C26: 0 | D26: 0 | E26: 0 | F26: 0 | G26: 0 | H26: 0 | I26: 0 | J26: =SUMIF(C26:I26,"<>") -> 0
A27: 26 | B27: 45317 | C27: =337.65 -> 337.65 | D27: 0 | E27: 0 | F27: 0 | G27: 0 | H27: =463.7+94.37 -> 558.07 | I27: 0 | J27: =SUMIF(C27:I27,"<>") -> 895.72
A28: 27 | B28: 45318 | C28: =115+87.2+175.36+39.5 -> 417.06 | D28: 0 | E28: =98.95 -> 98.95 | F28: 0 | G28: 0 | H28: 0 | I28: 0 | J28: =SUMIF(C28:I28,"<>") -> 516.01
A29: 28 | B29: 45319 | C29: 0 | D29: 0 | E29: 0 | F29: 0 | G29: 0 | H29: =1850.52 -> 1850.52 | I29: 0 | J29: =SUMIF(C29:I29,"<>") -> 1850.52
A30: 29 | B30: 45320 | C30: =111.28+147.5 -> 258.78 | D30: =180 -> 180 | E30: 0 | F30: 0 | G30: 0 | H30: 0 | I30: 0 | J30: =SUMIF(C30:I30,"<>") -> 438.78
A31: 30 | B31: 45321 | C31: 0 | D31: 0 | E31: =201.95 -> 201.95 | F31: 0 | G31: 0 | H31: 0 | I31: 0 | J31: =SUMIF(C31:I31,"<>") -> 201.95
A32: 31 | B32: 45322 | C32: =142.52 -> 142.52 | D32: 0 | E32: 0 | F32: 0 | G32: 0 | H32: 0 | I32: 0 | J32: =SUMIF(C32:I32,"<>") -> 142.52

Sheet ŞUBAT-2024
B1: Date | C1: Market | D1: Yemek | E1: Transport | F1: Rent | G1: Bills | H1: Taksit | I1: Other | J1: Daily Total | K1: Daily Avg. Food | L1: Daily Avg | M1: Market Total | N1: Yemek Total | O1: Trans. Total | P1: Taksit Total | Q1: Other Total | R1: Total
A2: 1 | B2: 45323 | C2: =118.93 -> 118.93 | D2: 0 | E2: 0 | F2: 0 | G2: 0 | H2: 0 | I2: 0 | J2: =SUMIF(C2:I2,"<>") -> 118.93 | K2: =+SUM(C2:C30,D2:D30)/ COUNTIFS(C2:C30, "<>", D2:D30, "<>") -> 268.67 | L2: =+R2 / COUNTIF(C2:C30, "<>") -> 489.7231 | M2: =+SUM(C2:C30) -> 4759.44 | N2: =+SUM(D2:D30) -> 3031.99 | O2: =+SUM(E2:E30) -> 396.9 | P2: =Sum(H2:H30) -> 4524.09 | Q2: =+SUM(I2:I30) -> 947.65 | R2: =+SUM(C2:I30) -> 14201.97
A3: 2 | B3: 45324 | C3: 0 | D3: 0 | E3: 0 | F3: 0 | G3: =299.9+242 -> 541.9 | H3: 0 | I3: =13.65 -> 13.65 | J3: =SUMIF(C3:I3,"<>") -> 555.55
A4: 3 | B4: 45325 | C4: =190 -> 190 | D4: 0 | E4: 0 | F4: 0 | G4: 0 | H4: =297.91 -> 297.91 | I4: 0 | J4: =SUMIF(C4:I4,"<>") -> 487.91
A5: 4 | B5: 45326 | C5: =135 -> 135 | D5: 0 | E5: 0 | F5: 0 | G5: 0 | H5: =216.84+77.5 -> 294.34 | I5: 0 | J5: =SUMIF(C5:I5,"<>") -> 429.34
A6: 5 | B6: 45327 | C6: 0 | D6: 0 | E6: 0 | F6: 0 | G6: 0 | H6: 0 | I6: =39 -> 39 | J6: =SUMIF(C6:I6,"<>") -> 39
A7: 6 | B7: 45328 | C7: 0 | D7: =127.25 -> 127.25 | E7: 0 | F7: 0 | G7: 0 | H7: 0 | I7: 0 | J7: =SUMIF(C7:I7,"<>") -> 127.25
A8: 7 | B8: 45329 | C8: =81.79 -> 81.79 | D8: =128+122 -> 250 | E8: 0 | F8: 0 | G8: 0 | H8: =459.47 -> 459.47 | I8: 0 | J8: =SUMIF(C8:I8,"<>") -> 791.26
A9: 8 | B9: 45330 | C9: 0 | D9: 0 | E9: 0 | F9: 0 | G9: 0 | H9: 0 | I9: 0 | J9: =SUMIF(C9:I9,"<>") -> 0
A10: 9 | B10: 45331 | C10: 0 | D10: =112.25 -> 112.25 | E10: 0 | F10: 0 | G10: 0 | H10: 0 | I10: 0 | J10: =SUMIF(C10:I10,"<>") -> 112.25
A11: 10 | B11: 45332 | C11: =115 -> 115 | D11: =117.25 -> 117.25 | E11: 0 | F11: 0 | G11: 0 | H11: 0 | I11: 0 | J11: =SUMIF(C11:I11,"<>") -> 232.25 | L11: BORÇLAR
A12: 11 | B12: 45333 | C12: 0 | D12: =123 -> 123 | E12: 0 | F12: 0 | G12: 0 | H12: 0 | I12: 0 | J12: =SUMIF(C12:I12,"<>") -> 123 | L12: Bu ay | M12: Kira | N12: Diyetisyen
A13: 12 | B13: 45334 | C13: 0 | D13: =360.99 -> 360.99 | E13: 0 | F13: 0 | G13: 0 | H13: =229.98 -> 229.98 | I13: =125.22 -> 125.22 | J13: =SUMIF(C13:I13,"<>") -> 716.19 | L13: =R2 -> 14201.97 | M13: 0 | N13: 0
A14: 13 | B14: 45335 | C14: =101.16+245 -> 346.16 | D14: 0 | E14: 0 | F14: 0 | G14: 0 | H14: 0 | I14: 0 | J14: =SUMIF(C14:I14,"<>") -> 346.16 | L14: TOPLAM | M14: =Sum(L13:O13) -> 14201.97
A15: 14 | B15: 45336 | C15: =48.65+241.71 -> 290.36 | D15: 0 | E15: 0 | F15: 0 | G15: 0 | H15: 0 | I15: =29.9 -> 29.9 | J15: =SUMIF(C15:I15,"<>") -> 320.26
A16: 15 | B16: 45337 | C16: 0 | D16: 0 | E16: =193.95 -> 193.95 | F16: 0 | G16: 0 | H16: =122.5 -> 122.5 | I16: 0 | J16: =SUMIF(C16:I16,"<>") -> 316.45
A17: 16 | B17: 45338 | C17: =190 -> 190 | D17: =312.5 -> 312.5 | E17: 0 | F17: 0 | G17: 0 | H17: =301.46 -> 301.46 | I17: =450 -> 450 | J17: =SUMIF(C17:I17,"<>") -> 1253.96
A18: 17 | B18: 45339 | C18: 0 | D18: =530 -> 530 | E18: =102.95 -> 102.95 | F18: 0 | G18: 0 | H18: 0 | I18: =80 -> 80 | J18: =SUMIF(C18:I18,"<>") -> 712.95
A19: 18 | B19: 45340 | C19: =59.8+67.73 -> 127.53 | D19: 0 | E19: 0 | F19: 0 | G19: 0 | H19: 0 | I19: 0 | J19: =SUMIF(C19:I19,"<>") -> 127.53
A20: 19 | B20: 45341 | C20: =186 -> 186 | D20: =125 -> 125 | E20: 0 | F20: 0 | G20: 0 | H20: 0 | I20: 0 | J20: =SUMIF(C20:I20,"<>") -> 311
A21: 20 | B21: 45342 | C21: 0 | D21: =180 -> 180 | E21: 0 | F21: 0 | G21: 0 | H21: 0 | I21: 0 | J21: =SUMIF(C21:I21,"<>") -> 180
A22: 21 | B22: 45343 | C22: =132.57 -> 132.57 | D22: 0 | E22: 0 | F22: 0 | G22: 0 | H22: =106.25 -> 106.25 | I22: 0 | J22: =SUMIF(C22:I22,"<>") -> 238.82
A23: 22 | B23: 45344 | C23: 0 | D23: =157.25 -> 157.25 | E23: 0 | F23: 0 | G23: 0 | H23: =67.49 -> 67.49 | I23: =19.89 -> 19.89 | J23: =SUMIF(C23:I23,"<>") -> 244.63
A24: 23 | B24: 45345 | C24: =340 -> 340 | D24: =76.5 -> 76.5 | E24: 0 | F24: 0 | G24: 0 | H24: =599.8 -> 599.8 | I24: =20 -> 20 | J24: =SUMIF(C24:I24,"<>") -> 1036.3
A25: 24 | B25: 45346 | C25: =260.25+885 -> 1145.25 | D25: =560 -> 560 | E25: 0 | F25: 0 | G25: 0 | H25: 0 | I25: 0 | J25: =SUMIF(C25:I25,"<>") -> 1705.25
A26: 25 | B26: 45347 | C26: =56.7+64 -> 120.7 | D26: 0 | E26: =100 -> 100 | F26: 0 | G26: 0 | H26: 0 | I26: 0 | J26: =SUMIF(C26:I26,"<>") -> 220.7
A27: 26 | B27: 45348 | C27: =242.5+649.7+26 -> 918.2 | D27: 0 | E27: 0 | F27: 0 | G27: 0 | H27: =94.37 -> 94.37 | I27: 0 | J27: =SUMIF(C27:I27,"<>") -> 1012.57
A28: 27 | B28: 45349 | C28: =60+51 -> 111 | D28: 0 | E28: 0 | F28: 0 | G28: 0 | H28: =100 -> 100 | I28: =169.99 -> 169.99 | J28: =SUMIF(C28:I28,"<>") -> 380.99
A29: 28 | B29: 45350 | C29: 0 | D29: 0 | E29: 0 | F29: 0 | G29: 0 | H29: =1850.52 -> 1850.52 | I29: 0 | J29: =SUMIF(C29:I29,"<>") -> 1850.52
A30: 29 | B30: 45351 | C30: =210.95 -> 210.95 | D30: 0 | E30: 0 | F30: 0 | G30: 0 | H30: 0 | I30: 0 | J30: =SUMIF(C30:I30,"<>") -> 210.95

Sheet NİSAN-2024
B1: Date | C1: Market | D1: Yemek | E1: Transport | F1: Rent | G1: Bills | H1: Taksit | I1: Other | J1: Daily Total | K1: Daily Avg. Food | L1: Daily Avg | M1: Market Total | N1: Yemek Total | O1: Trans. Total | P1: Taksit Total | Q1: Other Total | R1: Total
A2: 1 | B2: 45383 | C2: =39.9+445+153.75 -> 638.65 | D2: 0 | E2: 0 | F2: 0 | G2: 0 | H2: 0 | I2: 0 | J2: =SUMIF(C2:I2,"<>") -> 638.65 | K2: =+SUM(C2:C31,D2:D31)/ COUNTIFS(C2:C31, "<>", D2:D31, "<>") -> 360.54467 | L2: =+R2 / COUNTIF(C2:C31, "<>") -> #REF! | M2: =+SUM(C2:C31) -> 5723.24 | N2: =+SUM(D2:D31) -> 5093.1 | O2: =+SUM(E2:E31) -> 2147.89 | P2: =Sum(H2:H31) -> #REF! | Q2: =+SUM(I2:I31) -> 11275.55 | R2: =+SUM(C2:I31) -> #REF!
A3: 2 | B3: 45384 | C3: =153.52 -> 153.52 | D3: 0 | E3: =860 -> 860 | F3: 0 | G3: 0 | H3: 0 | I3: =13.74 -> 13.74 | J3: =SUMIF(C3:I3,"<>") -> 1027.26
A4: 3 | B4: 45385 | C4: 0 | D4: =423+390 -> 813 | E4: 0 | F4: 0 | G4: 0 | H4: 0 | I4: 0 | J4: =SUMIF(C4:I4,"<>") -> 813
A5: 4 | B5: 45386 | C5: 0 | D5: 0 | E5: 0 | F5: 0 | G5: 0 | H5: =216.81+77.49 -> 294.3 | I5: 0 | J5: =SUMIF(C5:I5,"<>") -> 294.3
A6: 5 | B6: 45387 | C6: =40.45 -> 40.45 | D6: =152+199 -> 351 | E6: 0 | F6: 0 | G6: 0 | H6: 0 | I6: =39 -> 39 | J6: =SUMIF(C6:I6,"<>") -> 430.45
A7: 6 | B7: 45388 | C7: 0 | D7: =555+460 -> 1015 | E7: 0 | F7: 0 | G7: 0 | H7: 0 | I7: 0 | J7: =SUMIF(C7:I7,"<>") -> 1015
A8: 7 | B8: 45389 | C8: =274 -> 274 | D8: =172.55 -> 172.55 | E8: =148.95 -> 148.95 | F8: 0 | G8: =245.9 -> 245.9 | H8: 0 | I8: 0 | J8: =SUMIF(C8:I8,"<>") -> 841.4
A9: 8 | B9: 45390 | C9: =243.41 -> 243.41 | D9: =172.55 -> 172.55 | E9: 0 | F9: 0 | G9: 0 | H9: 0 | I9: 0 | J9: =SUMIF(C9:I9,"<>") -> 415.96 | S9: =44770.7 -> 44770.7
A10: 9 | B10: 45391 | C10: =46 -> 46 | D10: 0 | E10: 0 | F10: 0 | G10: 0 | H10: 0 | I10: =300 -> 300 | J10: =SUMIF(C10:I10,"<>") -> 346 | S10: =S9-S12 -> #REF! | T10: =S10+4702 -> #REF!
A11: 10 | B11: 45392 | C11: 0 | D11: 0 | E11: 0 | F11: 0 | G11: 0 | H11: 0 | I11: 0 | J11: =SUMIF(C11:I11,"<>") -> 0 | L11: BORÇLAR | O11: Garanti | P11: Ziraat | Q11: Kredi | R11: Kira
A12: 11 | B12: 45393 | C12: =302.27+201.05 -> 503.32 | D12: 0 | E12: 0 | F12: 0 | G12: 0 | H12: 0 | I12: 0 | J12: =SUMIF(C12:I12,"<>") -> 503.32 | L12: Bu ay | M12: Kira | O12: =15898.25 -> 15898.25 | P12: =17793.59 -> 17793.59 | Q12: =#REF! -> #REF! | R12: 2857.5 | S12: =SUM(O12:R12) -> #REF!
A13: 12 | B13: 45394 | C13: =250+130+16.09+508.93+211.5+100.75 -> 1217.27 | D13: 0 | E13: 0 | F13: 0 | G13: 0 | H13: 0 | I13: 0 | J13: =SUMIF(C13:I13,"<>") -> 1217.27 | L13: =R2 -> #REF! | M13: 0
A14: 13 | B14: 45395 | C14: =143 -> 143 | D14: 0 | E14: 0 | F14: 0 | G14: 0 | H14: 0 | I14: 0 | J14: =SUMIF(C14:I14,"<>") -> 143 | L14: TOPLAM | M14: =Sum(L13:N13) -> #REF!
A15: 14 | B15: 45396 | C15: =58 -> 58 | D15: =685 -> 685 | E15: 0 | F15: 0 | G15: 0 | H15: 0 | I15: =29.9 -> 29.9 | J15: =SUMIF(C15:I15,"<>") -> 772.9
A16: 15 | B16: 45397 | C16: =151.5+80.5+28.59+5.51 -> 266.1 | D16: =210 -> 210 | E16: 0 | F16: 0 | G16: 0 | H16: =4958.33+122.5+882.22 -> 5963.05 | I16: 0 | J16: =SUMIF(C16:I16,"<>") -> 6439.15
A17: 16 | B17: 45398 | C17: =34.59+34 -> 68.59 | D17: 0 | E17: 0 | F17: 0 | G17: 0 | H17: =301.46 -> 301.46 | I17: 0 | J17: =SUMIF(C17:I17,"<>") -> 370.05
A18: 17 | B18: 45399 | C18: 0 | D18: =199+55 -> 254 | E18: 0 | F18: 0 | G18: 0 | H18: 0 | I18: 0 | J18: =SUMIF(C18:I18,"<>") -> 254
A19: 18 | B19: 45400 | C19: 0 | D19: =32 -> 32 | E19: 0 | F19: 0 | G19: 0 | H19: 0 | I19: 0 | J19: =SUMIF(C19:I19,"<>") -> 32
A20: 19 | B20: 45401 | C20: =40 -> 40 | D20: 0 | E20: =860 -> 860 | F20: 0 | G20: 0 | H20: 0 | I20: 0 | J20: =SUMIF(C20:I20,"<>") -> 900
A21: 20 | B21: 45402 | C21: =193.5+105.19+68.17+12 -> 378.86 | D21: 0 | E21: 0 | F21: 0 | G21: 0 | H21: 0 | I21: =270 -> 270 | J21: =SUMIF(C21:I21,"<>") -> 648.86
A22: 21 | B22: 45403 | C22: 0 | D22: 0 | E22: 0 | F22: 0 | G22: 0 | H22: =106.25 -> 106.25 | I22: 0 | J22: =SUMIF(C22:I22,"<>") -> 106.25
A23: 22 | B23: 45404 | C23: 0 | D23: 0 | E23: 0 | F23: 0 | G23: 0 | H23: =67.49 -> 67.49 | I23: =1500+790+130+7833 -> 10253 | J23: =SUMIF(C23:I23,"<>") -> 10320.49
A24: 23 | B24: 45405 | C24: =46 -> 46 | D24: 0 | E24: 0 | F24: 0 | G24: 0 | H24: =599.8 -> 599.8 | I24: =19.91 -> 19.91 | J24: =SUMIF(C24:I24,"<>") -> 665.71
A25: 24 | B25: 45406 | C25: =782.05+505.19+13 -> 1300.24 | D25: 0 | E25: 0 | F25: 0 | G25: 0 | H25: 0 | I25: 0 | J25: =SUMIF(C25:I25,"<>") -> 1300.24
A26: 25 | B26: 45407 | C26: 0 | D26: 0 | E26: 0 | F26: 0 | G26: 0 | H26: 0 | I26: =350 -> 350 | J26: =SUMIF(C26:I26,"<>") -> 350
A27: 26 | B27: 45408 | C27: 0 | D27: 0 | E27: 0 | F27: 0 | G27: 0 | H27: 0 | I27: 0 | J27: =SUMIF(C27:I27,"<>") -> 0
A28: 27 | B28: 45409 | C28: 0 | D28: =1388 -> 1388 | E28: =99.95 -> 99.95 | F28: 0 | G28: 0 | H28: =100 -> 100 | I28: 0 | J28: =SUMIF(C28:I28,"<>") -> 1587.95
A29: 28 | B29: 45410 | C29: 0 | D29: 0 | E29: =18+150 -> 168 | F29: 0 | G29: 0 | H29: =#REF! -> #REF! | I29: 0 | J29: =SUMIF(C29:I29,"<>") -> #REF!
A30: 29 | B30: 45411 | C30: =228.46+77.37 -> 305.83 | D30: 0 | E30: 0 | F30: 0 | G30: 0 | H30: 0 | I30: 0 | J30: =SUMIF(C30:I30,"<>") -> 305.83
A31: 30 | B31: 45412 | C31: 0 | D31: 0 | E31: =10.99 -> 10.99 | F31: 0 | G31: 0 | H31: =725 -> 725 | I31: 0 | J31: =SUMIF(C31:I31,"<>") -> 735.99

Sheet MAYIS-2024
B1: Date | C1: Market | D1: Yemek | E1: Transport | F1: Rent | G1: Bills | H1: Taksit | I1: Abonelik | J1: Other | K1: Daily Total | L1: Daily Avg. Food | M1: Daily Avg | N1: Market Total | O1: Yemek Total | P1: Trans. Total | Q1: Taksit Total | R1: Abonelik Top. | S1: Other Total | T1: Total
A2: 1 | B2: 45413 | C2: 0 | D2: 0 | E2: =860 -> 860 | F2: 0 | G2: 0 | H2: 0 | I2: 0 | J2: 0 | K2: =SUMIF(C2:J2,"<>") -> 860 | L2: =+SUM(C2:C31,D2:D31)/ COUNTIFS(C2:C31, "<>", D2:D31, "<>") -> 117.65467 | M2: =+T2 / COUNTIF(C2:C31, "<>") -> 621.678 | N2: =+SUM(C2:C31) -> 2144.14 | O2: =+SUM(D2:D31) -> 1385.5 | P2: =+SUM(E2:E31) -> 4141.85 | Q2: =Sum(H2:H31) -> 9819.66 | R2: =SUM(I2:I32) -> 157.35 | S2: =+SUM(J2:J31) -> 759.84 | T2: =+SUM(C2:J31) -> 18650.34
A3: 2 | B3: 45414 | C3: =4.78 -> 4.78 | D3: 0 | E3: 0 | F3: 0 | G3: 0 | H3: 0 | I3: =13.46 -> 13.46 | J3: 0 | K3: =SUMIF(C3:J3,"<>") -> 18.24
A4: 3 | B4: 45415 | C4: 0 | D4: 0 | E4: 0 | F4: 0 | G4: 0 | H4: 0 | I4: 0 | J4: 0 | K4: =SUMIF(C4:J4,"<>") -> 0
A5: 4 | B5: 45416 | C5: =34.5 -> 34.5 | D5: 0 | E5: 0 | F5: 0 | G5: 0 | H5: =77.49+216.81+2137.5 -> 2431.8 | I5: 0 | J5: =144.05 -> 144.05 | K5: =SUMIF(C5:J5,"<>") -> 2610.35
A6: 5 | B6: 45417 | C6: =53+100.98 -> 153.98 | D6: 0 | E6: 0 | F6: 0 | G6: 0 | H6: 0 | I6: =39 -> 39 | J6: 0 | K6: =SUMIF(C6:J6,"<>") -> 192.98
A7: 6 | B7: 45418 | C7: =112 -> 112 | D7: 0 | E7: 0 | F7: 0 | G7: =242 -> 242 | H7: 0 | I7: 0 | J7: =279.8 -> 279.8 | K7: =SUMIF(C7:J7,"<>") -> 633.8
A8: 7 | B8: 45419 | C8: =117.4+57.69 -> 175.09 | D8: 0 | E8: 0 | F8: 0 | G8: 0 | H8: 0 | I8: 0 | J8: 0 | K8: =SUMIF(C8:J8,"<>") -> 175.09
A9: 8 | B9: 45420 | C9: =33 -> 33 | D9: 0 | E9: 0 | F9: 0 | G9: 0 | H9: 0 | I9: =74.99 -> 74.99 | J9: 0 | K9: =SUMIF(C9:J9,"<>") -> 107.99
A10: 9 | B10: 45421 | C10: =46.96+113.67 -> 160.63 | D10: 0 | E10: 0 | F10: 0 | G10: 0 | H10: 0 | I10: 0 | J10: 0 | K10: =SUMIF(C10:J10,"<>") -> 160.63
A11: 10 | B11: 45422 | C11: =20+25 -> 45 | D11: 0 | E11: 0 | F11: 0 | G11: 0 | H11: 0 | I11: 0 | J11: =35 -> 35 | K11: =SUMIF(C11:J11,"<>") -> 80
A12: 11 | B12: 45423 | C12: =57.55+104.8 -> 162.35 | D12: 0 | E12: 0 | F12: 0 | G12: 0 | H12: 0 | I12: 0 | J12: =15 -> 15 | K12: =SUMIF(C12:J12,"<>") -> 177.35
A13: 12 | B13: 45424 | C13: =260.39 -> 260.39 | D13: 0 | E13: 0 | F13: 0 | G13: 0 | H13: 0 | I13: 0 | J13: 0 | K13: =SUMIF(C13:J13,"<>") -> 260.39
A14: 13 | B14: 45425 | C14: 0 | D14: 0 | E14: 0 | F14: 0 | G14: 0 | H14: 0 | I14: 0 | J14: =71 -> 71 | K14: =SUMIF(C14:J14,"<>") -> 71
A15: 14 | B15: 45426 | C15: 0 | D15: =199 -> 199 | E15: 0 | F15: 0 | G15: 0 | H15: 0 | I15: =29.9 -> 29.9 | J15: =35 -> 35 | K15: =SUMIF(C15:J15,"<>") -> 263.9
A16: 15 | B16: 45427 | C16: 0 | D16: 0 | E16: 0 | F16: 0 | G16: 0 | H16: =4958.34+882.22+122.5 -> 5963.06 | I16: 0 | J16: 0 | K16: =SUMIF(C16:J16,"<>") -> 5963.06
A17: 16 | B17: 45428 | C17: 0 | D17: 0 | E17: 0 | F17: 0 | G17: 0 | H17: 0 | I17: 0 | J17: 0 | K17: =SUMIF(C17:J17,"<>") -> 0
A18: 17 | B18: 45429 | C18: 0 | D18: 0 | E18: =430+860 -> 1290 | F18: 0 | G18: 0 | H18: 0 | I18: 0 | J18: 0 | K18: =SUMIF(C18:J18,"<>") -> 1290
A19: 18 | B19: 45430 | C19: 0 | D19: =669 -> 669 | E19: =116.95 -> 116.95 | F19: 0 | G19: 0 | H19: 0 | I19: 0 | J19: 0 | K19: =SUMIF(C19:J19,"<>") -> 785.95
A20: 19 | B20: 45431 | C20: =81.15+42 -> 123.15 | D20: 0 | E20: 0 | F20: 0 | G20: 0 | H20: 0 | I20: 0 | J20: =169.99 -> 169.99 | K20: =SUMIF(C20:J20,"<>") -> 293.14
A21: 20 | B21: 45432 | C21: =108 -> 108 | D21: =227.5 -> 227.5 | E21: 0 | F21: 0 | G21: 0 | H21: 0 | I21: 0 | J21: 0 | K21: =SUMIF(C21:J21,"<>") -> 335.5
A22: 21 | B22: 45433 | C22: =37.5+17.95 -> 55.45 | D22: 0 | E22: =400 -> 400 | F22: 0 | G22: 0 | H22: 0 | I22: 0 | J22: 0 | K22: =SUMIF(C22:J22,"<>") -> 455.45
A23: 22 | B23: 45434 | C23: =35+59.5 -> 94.5 | D23: 0 | E23: 0 | F23: 0 | G23: 0 | H23: 0 | I23: 0 | J23: =10 -> 10 | K23: =SUMIF(C23:J23,"<>") -> 104.5
A24: 23 | B24: 45435 | C24: =126.12+208.27 -> 334.39 | D24: 0 | E24: 0 | F24: 0 | G24: 0 | H24: =599.8 -> 599.8 | I24: 0 | J24: 0 | K24: =SUMIF(C24:J24,"<>") -> 934.19
A25: 24 | B25: 45436 | C25: 0 | D25: =40 -> 40 | E25: =860 -> 860 | F25: 0 | G25: 0 | H25: 0 | I25: 0 | J25: 0 | K25: =SUMIF(C25:J25,"<>") -> 900
A26: 25 | B26: 45437 | C26: 0 | D26: 0 | E26: 0 | F26: 0 | G26: 0 | H26: 0 | I26: 0 | J26: 0 | K26: =SUMIF(C26:J26,"<>") -> 0
A27: 26 | B27: 45438 | C27: =45+24 -> 69 | D27: =250 -> 250 | E27: =184.9 -> 184.9 | F27: 0 | G27: 0 | H27: 0 | I27: 0 | J27: 0 | K27: =SUMIF(C27:J27,"<>") -> 503.9
A28: 27 | B28: 45439 | C28: =57+160.93 -> 217.93 | D28: 0 | E28: 0 | F28: 0 | G28: 0 | H28: =100 -> 100 | I28: 0 | J28: 0 | K28: =SUMIF(C28:J28,"<>") -> 317.93
A29: 28 | B29: 45440 | C29: 0 | D29: 0 | E29: =430 -> 430 | F29: 0 | G29: 0 | H29: 0 | I29: 0 | J29: 0 | K29: =SUMIF(C29:J29,"<>") -> 430
A30: 29 | B30: 45441 | C30: 0 | D30: 0 | E30: 0 | F30: 0 | G30: 0 | H30: 0 | I30: 0 | J30: 0 | K30: =SUMIF(C30:J30,"<>") -> 0
A31: 30 | B31: 45442 | C31: 0 | D31: 0 | E31: 0 | F31: 0 | G31: 0 | H31: =725 -> 725 | I31: 0 | J31: 0 | K31: =SUMIF(C31:J31,"<>") -> 725
A32: 31 | B32: 45443 | C32: 0 | D32: 0 | E32: 0 | F32: 0 | G32: 0 | H32: 0 | I32: 0 | J32: 0 | K32: =SUMIF(C32:J32,"<>") -> 0

Sheet HAZİRAN-2024
B1: Date | C1: Market | D1: Yemek | E1: Transport | F1: Rent | G1: Bills | H1: Taksit | I1: Abonelik | J1: Other | K1: Daily Total | L1: Daily Avg. Food | M1: Daily Avg | N1: Market Total | O1: Yemek Total | P1: Trans. Total | Q1: Taksit Total | R1: Abonelik Top. | S1: Other Total | T1: Total
A2: 1 | B2: 45444 | C2: =25+240+23.9+626 -> 914.9 | D2: =260 -> 260 | E2: 0 | F2: 0 | G2: 0 | H2: 0 | I2: 0 | J2: 0 | K2: =SUMIF(C2:J2,"<>") -> 1174.9 | L2: =+SUM(C2:C31,D2:D31)/ COUNTIFS(C2:C31, "<>", D2:D31, "<>") -> 303.47933 | M2: =+T2 / COUNTIF(C2:C31, "<>") -> 628.731 | N2: =+SUM(C2:C31) -> 6628.62 | O2: =+SUM(D2:D31) -> 2475.76 | P2: =+SUM(E2:E31) -> 1190 | Q2: =Sum(H2:H31) -> 4344.52 | R2: =SUM(I2:I31) -> 186.55 | S2: =+SUM(J2:J31) -> 3794.58 | T2: =+SUM(C2:J31) -> 18861.93
A3: 2 | B3: 45445 | C3: =20 -> 20 | D3: 0 | E3: 0 | F3: 0 | G3: 0 | H3: 0 | I3: =13.67 -> 13.67 | J3: 0 | K3: =SUMIF(C3:J3,"<>") -> 33.67
A4: 3 | B4: 45446 | C4: 0 | D4: 0 | E4: 0 | F4: 0 | G4: =241.9 -> 241.9 | H4: 0 | I4: 0 | J4: 0 | K4: =SUMIF(C4:J4,"<>") -> 241.9
A5: 4 | B5: 45447 | C5: =60 -> 60 | D5: 0 | E5: =430+760 -> 1190 | F5: 0 | G5: 0 | H5: =2137.5 -> 2137.5 | I5: 0 | J5: 0 | K5: =SUMIF(C5:J5,"<>") -> 3387.5
A6: 5 | B6: 45448 | C6: 0 | D6: 0 | E6: 0 | F6: 0 | G6: 0 | H6: 0 | I6: =39 -> 39 | J6: 0 | K6: =SUMIF(C6:J6,"<>") -> 39
A7: 6 | B7: 45449 | C7: =43.6 -> 43.6 | D7: 0 | E7: 0 | F7: 0 | G7: 0 | H7: 0 | I7: 0 | J7: 0 | K7: =SUMIF(C7:J7,"<>") -> 43.6
A8: 7 | B8: 45450 | C8: =70 -> 70 | D8: 0 | E8: 0 | F8: 0 | G8: 0 | H8: 0 | I8: 0 | J8: 0 | K8: =SUMIF(C8:J8,"<>") -> 70
A9: 8 | B9: 45451 | C9: =205+270 -> 475 | D9: 0 | E9: 0 | F9: 0 | G9: 0 | H9: 0 | I9: 0 | J9: 0 | K9: =SUMIF(C9:J9,"<>") -> 475
A10: 9 | B10: 45452 | C10: =51+195.25 -> 246.25 | D10: 0 | E10: 0 | F10: 0 | G10: 0 | H10: 0 | I10: 0 | J10: 0 | K10: =SUMIF(C10:J10,"<>") -> 246.25
A11: 10 | B11: 45453 | C11: =80 -> 80 | D11: 0 | E11: 0 | F11: 0 | G11: 0 | H11: 0 | I11: 0 | J11: 0 | K11: =SUMIF(C11:J11,"<>") -> 80
A12: 11 | B12: 45454 | C12: 0 | D12: =742+217 -> 959 | E12: 0 | F12: 0 | G12: 0 | H12: 0 | I12: 0 | J12: 0 | K12: =SUMIF(C12:J12,"<>") -> 959
A13: 12 | B13: 45455 | C13: 0 | D13: =540.26+312.5 -> 852.76 | E13: 0 | F13: 0 | G13: 0 | H13: 0 | I13: 0 | J13: 0 | K13: =SUMIF(C13:J13,"<>") -> 852.76
A14: 13 | B14: 45456 | C14: 0 | D14: 0 | E14: 0 | F14: 0 | G14: 0 | H14: 0 | I14: 0 | J14: 0 | K14: =SUMIF(C14:J14,"<>") -> 0
A15: 14 | B15: 45457 | C15: =728.26 -> 728.26 | D15: 0 | E15: 0 | F15: 0 | G15: 0 | H15: 0 | I15: 0 | J15: 0 | K15: =SUMIF(C15:J15,"<>") -> 728.26
A16: 15 | B16: 45458 | C16: =255 -> 255 | D16: 0 | E16: 0 | F16: 0 | G16: 0 | H16: =882.22 -> 882.22 | I16: 0 | J16: 0 | K16: =SUMIF(C16:J16,"<>") -> 1137.22
A17: 16 | B17: 45459 | C17: =33+98.5 -> 131.5 | D17: =168 -> 168 | E17: 0 | F17: 0 | G17: 0 | H17: 0 | I17: 0 | J17: =309.95+64.92 -> 374.87 | K17: =SUMIF(C17:J17,"<>") -> 674.37
A18: 17 | B18: 45460 | C18: =28.52+1609.31 -> 1637.83 | D18: 0 | E18: 0 | F18: 0 | G18: 0 | H18: 0 | I18: =18.99 -> 18.99 | J18: 0 | K18: =SUMIF(C18:J18,"<>") -> 1656.82
A19: 18 | B19: 45461 | C19: =93 -> 93 | D19: =236 -> 236 | E19: 0 | F19: 0 | G19: 0 | H19: 0 | I19: =74.99 -> 74.99 | J19: =19.71 -> 19.71 | K19: =SUMIF(C19:J19,"<>") -> 423.7
A20: 19 | B20: 45462 | C20: =131.75 -> 131.75 | D20: 0 | E20: 0 | F20: 0 | G20: 0 | H20: 0 | I20: =39.9 -> 39.9 | J20: =3400 -> 3400 | K20: =SUMIF(C20:J20,"<>") -> 3571.65
A21: 20 | B21: 45463 | C21: =78.75 -> 78.75 | D21: 0 | E21: 0 | F21: 0 | G21: 0 | H21: 0 | I21: 0 | J21: 0 | K21: =SUMIF(C21:J21,"<>") -> 78.75
A22: 21 | B22: 45464 | C22: =80+19 -> 99 | D22: 0 | E22: 0 | F22: 0 | G22: 0 | H22: 0 | I22: 0 | J22: 0 | K22: =SUMIF(C22:J22,"<>") -> 99
A23: 22 | B23: 45465 | C23: 0 | D23: 0 | E23: 0 | F23: 0 | G23: 0 | H23: 0 | I23: 0 | J23: 0 | K23: =SUMIF(C23:J23,"<>") -> 0
A24: 23 | B24: 45466 | C24: 0 | D24: 0 | E24: 0 | F24: 0 | G24: 0 | H24: =599.8 -> 599.8 | I24: 0 | J24: 0 | K24: =SUMIF(C24:J24,"<>") -> 599.8
A25: 24 | B25: 45467 | C25: =29.8+270.92 -> 300.72 | D25: 0 | E25: 0 | F25: 0 | G25: 0 | H25: 0 | I25: 0 | J25: 0 | K25: =SUMIF(C25:J25,"<>") -> 300.72
A26: 25 | B26: 45468 | C26: =65.86 -> 65.86 | D26: 0 | E26: 0 | F26: 0 | G26: 0 | H26: 0 | I26: 0 | J26: 0 | K26: =SUMIF(C26:J26,"<>") -> 65.86
A27: 26 | B27: 45469 | C27: =48.9 -> 48.9 | D27: 0 | E27: 0 | F27: 0 | G27: 0 | H27: 0 | I27: 0 | J27: 0 | K27: =SUMIF(C27:J27,"<>") -> 48.9
A28: 27 | B28: 45470 | C28: =180 -> 180 | D28: 0 | E28: 0 | F28: 0 | G28: 0 | H28: 0 | I28: 0 | J28: 0 | K28: =SUMIF(C28:J28,"<>") -> 180
A29: 28 | B29: 45471 | C29: =132.78 -> 132.78 | D29: 0 | E29: 0 | F29: 0 | G29: 0 | H29: 0 | I29: 0 | J29: 0 | K29: =SUMIF(C29:J29,"<>") -> 132.78
A30: 29 | B30: 45472 | C30: =30+493.33+192.49+24.9+65+29.8 -> 835.52 | D30: 0 | E30: 0 | F30: 0 | G30: 0 | H30: 0 | I30: 0 | J30: 0 | K30: =SUMIF(C30:J30,"<>") -> 835.52
A31: 30 | B31: 45473 | C31: 0 | D31: 0 | E31: 0 | F31: 0 | G31: 0 | H31: =725 -> 725 | I31: 0 | J31: 0 | K31: =SUMIF(C31:J31,"<>") -> 725

Sheet TEMMUZ-2024
B1: Date | C1: Market | D1: Food | E1: Transport | F1: Rent | G1: Bills | H1: Taksit | I1: Abonelik | J1: Fun | K1: Edu | L1: Other | M1: Daily Total
A2: 1 | B2: 45474 | C2: 0 | D2: 0 | E2: =430 -> 430 | F2: 0 | G2: 0 | H2: 0 | I2: 0 | J2: 0 | K2: 0 | L2: 0 | M2: =SUMIF(C2:L2,"<>") -> 430 | N2: Daily Avg. Food | O2: =+SUM(C2:C32,D2:D32)/ COUNTIFS(C2:C31, "<>", D2:D31, "<>") -> 223.86033
A3: 2 | B3: 45475 | C3: 0 | D3: =180 -> 180 | E3: =430 -> 430 | F3: 0 | G3: 0 | H3: =581.2*3 -> 1743.6 | I3: 0 | J3: 0 | K3: 0 | L3: =13.49 -> 13.49 | M3: =SUMIF(C3:L3,"<>") -> 2367.09 | N3: Daily Avg | O3: =+O12 / COUNTIF(C2:C32, "<>") -> 788.92774
A4: 3 | B4: 45476 | C4: 0 | D4: =95 -> 95 | E4: 0 | F4: 0 | G4: 0 | H4: 0 | I4: 0 | J4: 0 | K4: 0 | L4: 0 | M4: =SUMIF(C4:L4,"<>") -> 95 | N4: Market Total | O4: =+SUM(C2:C32) -> 3815.81
A5: 4 | B5: 45477 | C5: 0 | D5: 0 | E5: 0 | F5: 0 | G5: 0 | H5: =2137.5 -> 2137.5 | I5: 0 | J5: 0 | K5: 0 | L5: 0 | M5: =SUMIF(C5:L5,"<>") -> 2137.5 | N5: Food Total | O5: =+SUM(D2:D32) -> 2900
A6: 5 | B6: 45478 | C6: 0 | D6: 0 | E6: 0 | F6: 0 | G6: =242 -> 242 | H6: 0 | I6: =39 -> 39 | J6: 0 | K6: 0 | L6: 0 | M6: =SUMIF(C6:L6,"<>") -> 281 | N6: Fun Total | O6: =SUM(J2:J32) -> 450
A7: 6 | B7: 45479 | C7: =35+40+59.6+365+130+530.7 -> 1160.3 | D7: 0 | E7: 0 | F7: 0 | G7: 0 | H7: 0 | I7: 0 | J7: 0 | K7: =99.9 -> 99.9 | L7: 0 | M7: =SUMIF(C7:K7,"<>") -> 1260.2 | N7: Edu Total | O7: =SUM(K2:K32) -> 99.9
A8: 7 | B8: 45480 | C8: =19.95 -> 19.95 | D8: =320 -> 320 | E8: 0 | F8: 0 | G8: 0 | H8: 0 | I8: 0 | J8: =450 -> 450 | K8: 0 | L8: 0 | M8: =SUMIF(C8:K8,"<>") -> 789.95 | N8: Trans. Total | O8: =+SUM(E2:E32) -> 2144.99
A9: 8 | B9: 45481 | C9: =133.56 -> 133.56 | D9: 0 | E9: 0 | F9: 0 | G9: 0 | H9: 0 | I9: 0 | J9: 0 | K9: 0 | L9: 0 | M9: =SUMIF(C9:L9,"<>") -> 133.56 | N9: Taksit Total | O9: =Sum(H2:H32) -> 14528.67
A10: 9 | B10: 45482 | C10: =55.6+178.7+70 -> 304.3 | D10: 0 | E10: 0 | F10: 0 | G10: 0 | H10: 0 | I10: 0 | J10: 0 | K10: 0 | L10: =30.7 -> 30.7 | M10: =SUMIF(C10:L10,"<>") -> 335 | N10: Abonelik Top. | O10: =SUM(I2:I32) -> 98.77
A11: 10 | B11: 45483 | C11: =33+34.6+94+100.92 -> 262.52 | D11: 0 | E11: 0 | F11: 0 | G11: 0 | H11: =256.68+358.25 -> 614.93 | I11: 0 | J11: 0 | K11: 0 | L11: 0 | M11: =SUMIF(C11:L11,"<>") -> 877.45 | N11: Other Total | O11: =+SUM(L2:L32) -> 176.62
A12: 11 | B12: 45484 | C12: 0 | D12: 0 | E12: 0 | F12: 0 | G12: 0 | H12: =3625.88 -> 3625.88 | I12: 0 | J12: 0 | K12: 0 | L12: 0 | M12: =SUMIF(C12:L12,"<>") -> 3625.88 | N12: Total | O12: =+SUM(C2:L32) -> 24456.76
A13: 12 | B13: 45485 | C13: 0 | D13: 0 | E13: =204.99 -> 204.99 | F13: 0 | G13: 0 | H13: 0 | I13: 0 | J13: 0 | K13: 0 | L13: 0 | M13: =SUMIF(C13:L13,"<>") -> 204.99
A14: 13 | B14: 45486 | C14: =202.75+80.71 -> 283.46 | D14: 0 | E14: 0 | F14: 0 | G14: 0 | H14: 0 | I14: =39.9 -> 39.9 | J14: 0 | K14: 0 | L14: 0 | M14: =SUMIF(C14:L14,"<>") -> 323.36
A15: 14 | B15: 45487 | C15: =40.6+68 -> 108.6 | D15: 0 | E15: 0 | F15: 0 | G15: 0 | H15: 0 | I15: 0 | J15: 0 | K15: 0 | L15: 0 | M15: =SUMIF(C15:L15,"<>") -> 108.6
A16: 15 | B16: 45488 | C16: =37.24 -> 37.24 | D16: 0 | E16: 0 | F16: 0 | G16: 0 | H16: 0 | I16: 0 | J16: 0 | K16: 0 | L16: 0 | M16: =SUMIF(C16:L16,"<>") -> 37.24
A17: 16 | B17: 45489 | C17: =25 -> 25 | D17: 0 | E17: 0 | F17: 0 | G17: 0 | H17: 0 | I17: 0 | J17: 0 | K17: 0 | L17: 0 | M17: =SUMIF(C17:L17,"<>") -> 25
A18: 17 | B18: 45490 | C18: 0 | D18: 0 | E18: 0 | F18: 0 | G18: 0 | H18: 0 | I18: =19.87 -> 19.87 | J18: 0 | K18: 0 | L18: 0 | M18: =SUMIF(C18:L18,"<>") -> 19.87
A19: 18 | B19: 45491 | C19: =55+19.75 -> 74.75 | D19: =155 -> 155 | E19: 0 | F19: 0 | G19: 0 | H19: 0 | I19: 0 | J19: 0 | K19: 0 | L19: 0 | M19: =SUMIF(C19:L19,"<>") -> 229.75
A20: 19 | B20: 45492 | C20: =30 -> 30 | D20: 0 | E20: 0 | F20: 0 | G20: 0 | H20: 0 | I20: 0 | J20: 0 | K20: 0 | L20: =0.13 -> 0.13 | M20: =SUMIF(C20:L20,"<>") -> 30.13
A21: 20 | B21: 45493 | C21: =125.55+52.5 -> 178.05 | D21: =190 -> 190 | E21: 0 | F21: 0 | G21: 0 | H21: 0 | I21: 0 | J21: 0 | K21: 0 | L21: 0 | M21: =SUMIF(C21:L21,"<>") -> 368.05
A22: 21 | B22: 45494 | C22: 0 | D22: =440 -> 440 | E22: 0 | F22: 0 | G22: 0 | H22: 0 | I22: 0 | J22: 0 | K22: 0 | L22: 0 | M22: =SUMIF(C22:L22,"<>") -> 440
A23: 22 | B23: 45495 | C23: =113.95 -> 113.95 | D23: 0 | E23: =1080 -> 1080 | F23: 0 | G23: 0 | H23: =576.51+587.14+597.76+572.6+1382.5 -> 3716.51 | I23: 0 | J23: 0 | K23: 0 | L23: 0 | M23: =SUMIF(C23:L23,"<>") -> 4910.46
A24: 23 | B24: 45496 | C24: 0 | D24: =410 -> 410 | E24: 0 | F24: 0 | G24: 0 | H24: 0 | I24: 0 | J24: 0 | K24: 0 | L24: 0 | M24: =SUMIF(C24:L24,"<>") -> 410
A25: 24 | B25: 45497 | C25: =190+137.12 -> 327.12 | D25: 0 | E25: 0 | F25: 0 | G25: 0 | H25: =508.3+538.05+567.8+552.92+523.18 -> 2690.25 | I25: 0 | J25: 0 | K25: 0 | L25: 0 | M25: =SUMIF(C25:L25,"<>") -> 3017.37
A26: 25 | B26: 45498 | C26: 0 | D26: =480 -> 480 | E26: 0 | F26: 0 | G26: 0 | H26: 0 | I26: 0 | J26: 0 | K26: 0 | L26: 0 | M26: =SUMIF(C26:L26,"<>") -> 480
A27: 26 | B27: 45499 | C27: 0 | D27: 0 | E27: 0 | F27: 0 | G27: 0 | H27: 0 | I27: 0 | J27: 0 | K27: 0 | L27: 0 | M27: =SUMIF(C27:L27,"<>") -> 0
A28: 27 | B28: 45500 | C28: =29+38.84+45+58.08+117.59+217 -> 505.51 | D28: 0 | E28: 0 | F28: 0 | G28: 0 | H28: 0 | I28: 0 | J28: 0 | K28: 0 | L28: 0 | M28: =SUMIF(C28:L28,"<>") -> 505.51
A29: 28 | B29: 45501 | C29: 139.5 | D29: =390 -> 390 | E29: 0 | F29: 0 | G29: 0 | H29: 0 | I29: 0 | J29: 0 | K29: 0 | L29: =132.3 -> 132.3 | M29: =SUMIF(C29:L29,"<>") -> 661.8
A30: 29 | B30: 45502 | C30: 0 | D30: =240 -> 240 | E30: 0 | F30: 0 | G30: 0 | H30: 0 | I30: 0 | J30: 0 | K30: 0 | L30: 0 | M30: =SUMIF(C30:L30,"<>") -> 240
A31: 30 | B31: 45503 | C31: =112 -> 112 | D31: 0 | E31: 0 | F31: 0 | G31: 0 | H31: 0 | I31: 0 | J31: 0 | K31: 0 | L31: 0 | M31: =SUMIF(C31:L31,"<>") -> 112
A32: 31 | B32: 45504 | C32: 0 | D32: 0 | E32: 0 | F32: 0 | G32: 0 | H32: 0 | I32: 0 | J32: 0 | K32: 0 | L32: 0 | M32: =SUMIF(C32:L32,"<>") -> 0

Sheet AĞUSTOS-2024
B1: Date | C1: Market | D1: Food | E1: Transport | F1: Rent | G1: Bills | H1: Taksit | I1: Abonelik | J1: Fun | K1: Edu | L1: Other | M1: Daily Total
A2: 1 | B2: 45505 | C2: =114.95+103.94+75.7 -> 294.59 | D2: 0 | E2: 0 | F2: 0 | G2: 0 | H2: 0 | I2: 0 | J2: 0 | K2: 0 | L2: 0 | M2: =SUMIF(C2:L2,"<>") -> 294.59 | N2: Daily Avg. Food | O2: =+SUM(C2:C32,D2:D32)/ COUNTIFS(C2:C31, "<>", D2:D31, "<>") -> 172.998
A3: 2 | B3: 45506 | C3: 0 | D3: 0 | E3: 0 | F3: 0 | G3: 0 | H3: =471.41+470+445.4+464.52+483.65+498.52 -> 2833.5 | I3: =13.43 -> 13.43 | J3: 0 | K3: 0 | L3: 0 | M3: =SUMIF(C3:K3,"<>") -> 2846.93 | N3: Daily Avg | O3: =+O12 / COUNTIF(C2:C32, "<>") -> 656.88774
A4: 3 | B4: 45507 | C4: =211.8+70 -> 281.8 | D4: =630 -> 630 | E4: =250 -> 250 | F4: 0 | G4: 0 | H4: 0 | I4: 0 | J4: 0 | K4: 0 | L4: 0 | M4: =SUMIF(C4:L4,"<>") -> 1161.8 | N4: Market Total | O4: =+SUM(C2:C32) -> 3638.94
A5: 4 | B5: 45508 | C5: =118.45+33.79 -> 152.24 | D5: 0 | E5: 0 | F5: 0 | G5: 0 | H5: =2137.5 -> 2137.5 | I5: 0 | J5: 0 | K5: 0 | L5: 0 | M5: =SUMIF(C5:L5,"<>") -> 2289.74 | N5: Food Total | O5: =+SUM(D2:D32) -> 1551
A6: 5 | B6: 45509 | C6: 0 | D6: =150 -> 150 | E6: 0 | F6: 0 | G6: 0 | H6: 0 | I6: =39 -> 39 | J6: 0 | K6: 0 | L6: 0 | M6: =SUMIF(C6:L6,"<>") -> 189 | N6: Fun Total | O6: =SUM(J2:J32) -> 0
A7: 6 | B7: 45510 | C7: 0 | D7: =180 -> 180 | E7: =540 -> 540 | F7: 0 | G7: =241.9 -> 241.9 | H7: 0 | I7: 0 | J7: 0 | K7: 0 | L7: 0 | M7: =SUMIF(C7:K7,"<>") -> 961.9 | N7: Edu Total | O7: =SUM(K2:K32) -> 449.97
A8: 7 | B8: 45511 | C8: 0 | D8: =55 -> 55 | E8: 0 | F8: 0 | G8: 0 | H8: 0 | I8: 0 | J8: 0 | K8: 0 | L8: 0 | M8: =SUMIF(C8:K8,"<>") -> 55 | N8: Trans. Total | O8: =+SUM(E2:E32) -> 3460
A9: 8 | B9: 45512 | C9: 0 | D9: =206 -> 206 | E9: 0 | F9: 0 | G9: 0 | H9: 0 | I9: 0 | J9: 0 | K9: 0 | L9: 0 | M9: =SUMIF(C9:L9,"<>") -> 206 | N9: Taksit Total | O9: =Sum(H2:H32) -> 10594.29
A10: 9 | B10: 45513 | C10: 0 | D10: =30 -> 30 | E10: 0 | F10: 0 | G10: 0 | H10: 0 | I10: 0 | J10: 0 | K10: 0 | L10: 0 | M10: =SUMIF(C10:L10,"<>") -> 30 | N10: Abonelik Top. | O10: =SUM(I2:I32) -> 112.21
A11: 10 | B11: 45514 | C11: =137+600+210 -> 947 | D11: 0 | E11: =540 -> 540 | F11: 0 | G11: 0 | H11: =256.66+358.25 -> 614.91 | I11: 0 | J11: 0 | K11: 0 | L11: =63 -> 63 | M11: =SUMIF(C11:L11,"<>") -> 2164.91 | N11: Other Total | O11: =+SUM(L2:L32) -> 315.21
A12: 11 | B12: 45515 | C12: =64 -> 64 | D12: 0 | E12: =250 -> 250 | F12: 0 | G12: 0 | H12: =3625.88 -> 3625.88 | I12: 0 | J12: 0 | K12: 0 | L12: 0 | M12: =SUMIF(C12:L12,"<>") -> 3939.88 | N12: Total | O12: =+SUM(C2:L32) -> 20363.52
A13: 12 | B13: 45516 | C13: =130+20.85 -> 150.85 | D13: 0 | E13: 0 | F13: 0 | G13: 0 | H13: 0 | I13: =39.9 -> 39.9 | J13: 0 | K13: 0 | L13: =107.84 -> 107.84 | M13: =SUMIF(C13:L13,"<>") -> 298.59
A14: 13 | B14: 45517 | C14: =202.51 -> 202.51 | D14: 0 | E14: 0 | F14: 0 | G14: 0 | H14: 0 | I14: 0 | J14: 0 | K14: 0 | L14: 0 | M14: =SUMIF(C14:L14,"<>") -> 202.51
A15: 14 | B15: 45518 | C15: 0 | D15: 0 | E15: 0 | F15: 0 | G15: 0 | H15: 0 | I15: 0 | J15: 0 | K15: 0 | L15: 0 | M15: =SUMIF(C15:L15,"<>") -> 0
A16: 15 | B16: 45519 | C16: =63.8 -> 63.8 | D16: 0 | E16: 0 | F16: 0 | G16: 0 | H16: 0 | I16: 0 | J16: 0 | K16: 0 | L16: 0 | M16: =SUMIF(C16:L16,"<>") -> 63.8
A17: 16 | B17: 45520 | C17: =68+98.96 -> 166.96 | D17: 0 | E17: 0 | F17: 0 | G17: 0 | H17: 0 | I17: 0 | J17: 0 | K17: 0 | L17: 0 | M17: =SUMIF(C17:L17,"<>") -> 166.96
A18: 17 | B18: 45521 | C18: 0 | D18: 0 | E18: =150 -> 150 | F18: 0 | G18: 0 | H18: 0 | I18: =19.88 -> 19.88 | J18: 0 | K18: 0 | L18: 0 | M18: =SUMIF(C18:L18,"<>") -> 169.88
A19: 18 | B19: 45522 | C19: =61.82 -> 61.82 | D19: 0 | E19: 0 | F19: 0 | G19: 0 | H19: 0 | I19: 0 | J19: 0 | K19: 0 | L19: 0 | M19: =SUMIF(C19:L19,"<>") -> 61.82
A20: 19 | B20: 45523 | C20: 0 | D20: 0 | E20: 0 | F20: 0 | G20: 0 | H20: 0 | I20: 0 | J20: 0 | K20: 0 | L20: 0 | M20: =SUMIF(C20:L20,"<>") -> 0
A21: 20 | B21: 45524 | C21: 0 | D21: 0 | E21: 0 | F21: 0 | G21: 0 | H21: 0 | I21: 0 | J21: 0 | K21: 0 | L21: =49.47+8.9 -> 58.37 | M21: =SUMIF(C21:L21,"<>") -> 58.37
A22: 21 | B22: 45525 | C22: 0 | D22: 0 | E22: 0 | F22: 0 | G22: 0 | H22: 0 | I22: 0 | J22: 0 | K22: 0 | L22: 0 | M22: =SUMIF(C22:L22,"<>") -> 0
A23: 22 | B23: 45526 | C23: 0 | D23: 0 | E23: 0 | F23: 0 | G23: 0 | H23: =1382.5 -> 1382.5 | I23: 0 | J23: 0 | K23: 0 | L23: 0 | M23: =SUMIF(C23:L23,"<>") -> 1382.5
A24: 23 | B24: 45527 | C24: 0 | D24: 0 | E24: 0 | F24: 0 | G24: 0 | H24: 0 | I24: 0 | J24: 0 | K24: 0 | L24: 0 | M24: =SUMIF(C24:L24,"<>") -> 0
A25: 24 | B25: 45528 | C25: =400+127.43 -> 527.43 | D25: 0 | E25: =1080 -> 1080 | F25: 0 | G25: 0 | H25: 0 | I25: 0 | J25: 0 | K25: =449.97 -> 449.97 | L25: =36.5 -> 36.5 | M25: =SUMIF(C25:L25,"<>") -> 2093.9
A26: 25 | B26: 45529 | C26: =350 -> 350 | D26: 0 | E26: 0 | F26: 0 | G26: 0 | H26: 0 | I26: 0 | J26: 0 | K26: 0 | L26: 0 | M26: =SUMIF(C26:L26,"<>") -> 350
A27: 26 | B27: 45530 | C27: 0 | D27: 0 | E27: 0 | F27: 0 | G27: 0 | H27: 0 | I27: 0 | J27: 0 | K27: 0 | L27: =49.5 -> 49.5 | M27: =SUMIF(C27:L27,"<>") -> 49.5
A28: 27 | B28: 45531 | C28: =84.5+10.5 -> 95 | D28: 0 | E28: 0 | F28: 0 | G28: 0 | H28: 0 | I28: 0 | J28: 0 | K28: 0 | L28: 0 | M28: =SUMIF(C28:L28,"<>") -> 95
A29: 28 | B29: 45532 | C29: =62.19 -> 62.19 | D29: 0 | E29: =300 -> 300 | F29: 0 | G29: 0 | H29: 0 | I29: 0 | J29: 0 | K29: 0 | L29: 0 | M29: =SUMIF(C29:L29,"<>") -> 362.19
A30: 29 | B30: 45533 | C30: =172.79+11.46 -> 184.25 | D30: 0 | E30: 0 | F30: 0 | G30: 0 | H30: 0 | I30: 0 | J30: 0 | K30: 0 | L30: 0 | M30: =SUMIF(C30:L30,"<>") -> 184.25
A31: 30 | B31: 45534 | C31: =19.5 -> 19.5 | D31: 0 | E31: 0 | F31: 0 | G31: 0 | H31: 0 | I31: 0 | J31: 0 | K31: 0 | L31: 0 | M31: =SUMIF(C31:L31,"<>") -> 19.5
A32: 31 | B32: 45535 | C32: =15 -> 15 | D32: =300 -> 300 | E32: =350 -> 350 | F32: 0 | G32: 0 | H32: 0 | I32: 0 | J32: 0 | K32: 0 | L32: 0 | M32: =SUMIF(C32:L32,"<>") -> 665

Sheet EYLÜL-2024
B1: Date | C1: Market | D1: Food | E1: Transport | F1: Rent | G1: Bills | H1: Taksit | I1: Abonelik | J1: Fun | K1: Edu | L1: Other | M1: Daily Total
A2: 1 | B2: 45536 | C2: 0 | D2: 0 | E2: 0 | F2: 0 | G2: 0 | H2: 0 | I2: 0 | J2: 0 | K2: 0 | L2: 0 | M2: =SUMIF(C2:L2,"<>") -> 0 | N2: Daily Avg. Food | O2: =+SUM(C2:C31,D2:D31)/ COUNTIFS(C2:C31, "<>", D2:D31, "<>") -> 204.603
A3: 2 | B3: 45537 | C3: =39+232.54+160 -> 431.54 | D3: 0 | E3: 0 | F3: 0 | G3: 0 | H3: 0 | I3: =13.34 -> 13.34 | J3: 0 | K3: 0 | L3: 0 | M3: =SUMIF(C3:K3,"<>") -> 444.88 | N3: Daily Avg | O3: =+O13 / COUNTIF(C2:C31, "<>") -> 722.73733
A4: 3 | B4: 45538 | C4: =46.35+52.02 -> 98.37 | D4: 0 | E4: 0 | F4: 0 | G4: 0 | H4: =470 -> 470 | I4: 0 | J4: 0 | K4: 0 | L4: 0 | M4: =SUMIF(C4:L4,"<>") -> 568.37 | N4: Market Total | O4: =+SUM(C2:C31) -> 4325.39
A5: 4 | B5: 45539 | C5: 0 | D5: 0 | E5: 0 | F5: 0 | G5: 0 | H5: =2137.5 -> 2137.5 | I5: 0 | J5: 0 | K5: 0 | L5: 0 | M5: =SUMIF(C5:L5,"<>") -> 2137.5 | N5: Food Total | O5: =+SUM(D2:D31) -> 1812.7
A6: 5 | B6: 45540 | C6: =60.94 -> 60.94 | D6: 0 | E6: 0 | F6: 0 | G6: 0 | H6: 0 | I6: =39 -> 39 | J6: 0 | K6: 0 | L6: 0 | M6: =SUMIF(C6:L6,"<>") -> 99.94 | N6: Fun Total | O6: =SUM(J2:J31) -> 0
A7: 6 | B7: 45541 | C7: 0 | D7: 0 | E7: 0 | F7: 0 | G7: =241.9 -> 241.9 | H7: 0 | I7: 0 | J7: 0 | K7: 0 | L7: 0 | M7: =SUMIF(C7:K7,"<>") -> 241.9 | N7: Edu Total | O7: =SUM(K2:K31) -> 0
A8: 7 | B8: 45542 | C8: 0 | D8: =75 -> 75 | E8: 0 | F8: 0 | G8: 0 | H8: 0 | I8: 0 | J8: 0 | K8: 0 | L8: 0 | M8: =SUMIF(C8:K8,"<>") -> 75 | N8: Trans. Total | O8: =+SUM(E2:E31) -> 1433.99
A9: 8 | B9: 45543 | C9: 0 | D9: =86 -> 86 | E9: 0 | F9: 0 | G9: 0 | H9: 0 | I9: 0 | J9: 0 | K9: 0 | L9: 0 | M9: =SUMIF(C9:L9,"<>") -> 86 | N9: Taksit Total | O9: =Sum(H2:H31) -> 4642.92
A10: 9 | B10: 45544 | C10: 0 | D10: 0 | E10: 0 | F10: 0 | G10: 0 | H10: 0 | I10: 0 | J10: 0 | K10: 0 | L10: 0 | M10: =SUMIF(C10:L10,"<>") -> 0 | N10: Abonelik Top. | O10: =SUM(I2:I31) -> 92.24
A11: 10 | B11: 45545 | C11: =30+40 -> 70 | D11: 0 | E11: 0 | F11: 0 | G11: 0 | H11: =256.66+358.25 -> 614.91 | I11: 0 | J11: 0 | K11: 0 | L11: 0 | M11: =SUMIF(C11:L11,"<>") -> 684.91 | N11: Other Total | O11: =+SUM(L2:L31) -> 1762.98
A12: 11 | B12: 45546 | C12: 0 | D12: 0 | E12: 0 | F12: 0 | G12: 0 | H12: 0 | I12: =39.9 -> 39.9 | J12: 0 | K12: 0 | L12: 0 | M12: =SUMIF(C12:L12,"<>") -> 39.9 | N12: Bills | O12: =sum(G2:G31) -> 241.9
A13: 12 | B13: 45547 | C13: 0 | D13: =510 -> 510 | E13: 0 | F13: 0 | G13: 0 | H13: 0 | I13: 0 | J13: 0 | K13: 0 | L13: 0 | M13: =SUMIF(C13:L13,"<>") -> 510 | N13: Total | O13: =+SUM(C2:L31) -> 21682.12
A14: 13 | B14: 45548 | C14: 0 | D14: =45 -> 45 | E14: 0 | F14: 0 | G14: 0 | H14: 0 | I14: 0 | J14: 0 | K14: 0 | L14: 0 | M14: =SUMIF(C14:L14,"<>") -> 45
A15: 14 | B15: 45549 | C15: =60.15+77.16 -> 137.31 | D15: =235 -> 235 | E15: 0 | F15: 0 | G15: 0 | H15: 0 | I15: 0 | J15: 0 | K15: 0 | L15: 0 | M15: =SUMIF(C15:L15,"<>") -> 372.31
A16: 15 | B16: 45550 | C16: =417.96+34.5+70.5 -> 522.96 | D16: 0 | E16: 0 | F16: 0 | G16: 0 | H16: 0 | I16: 0 | J16: 0 | K16: 0 | L16: 0 | M16: =SUMIF(C16:L16,"<>") -> 522.96
A17: 16 | B17: 45551 | C17: 0 | D17: 0 | E17: 0 | F17: 0 | G17: 0 | H17: 0 | I17: 0 | J17: 0 | K17: 0 | L17: 0 | M17: =SUMIF(C17:L17,"<>") -> 0
A18: 17 | B18: 45552 | C18: =112.89+19.5+204.7 -> 337.09 | D18: 0 | E18: 0 | F18: 0 | G18: 0 | H18: 0 | I18: 0 | J18: 0 | K18: 0 | L18: 0 | M18: =SUMIF(C18:L18,"<>") -> 337.09
A19: 18 | B19: 45553 | C19: =170.5 -> 170.5 | D19: 0 | E19: 0 | F19: 0 | G19: 0 | H19: 0 | I19: 0 | J19: 0 | K19: 0 | L19: 0 | M19: =SUMIF(C19:L19,"<>") -> 170.5
A20: 19 | B20: 45554 | C20: =83.88 -> 83.88 | D20: 0 | E20: =1080 -> 1080 | F20: 0 | G20: 0 | H20: 0 | I20: 0 | J20: 0 | K20: 0 | L20: 0 | M20: =SUMIF(C20:L20,"<>") -> 1163.88
A21: 20 | B21: 45555 | C21: 0 | D21: =154+452.7 -> 606.7 | E21: 0 | F21: 0 | G21: 0 | H21: 0 | I21: 0 | J21: 0 | K21: 0 | L21: 0 | M21: =SUMIF(D21:L21,"<>") -> 606.7
A22: 21 | B22: 45556 | C22: 0 | D22: 0 | E22: 0 | F22: 0 | G22: 0 | H22: 0 | I22: 0 | J22: 0 | K22: 0 | L22: =515.98 -> 515.98 | M22: =SUMIF(C22:L22,"<>") -> 515.98
A23: 22 | B23: 45557 | C23: =147.5+137.5 -> 285 | D23: 0 | E23: 0 | F23: 0 | G23: 0 | H23: =1382.5 -> 1382.5 | I23: 0 | J23: 0 | K23: 0 | L23: 0 | M23: =SUMIF(C23:L23,"<>") -> 1667.5
A24: 23 | B24: 45558 | C24: =152.02+46.5 -> 198.52 | D24: 0 | E24: =153.99 -> 153.99 | F24: 0 | G24: 0 | H24: =38.01 -> 38.01 | I24: 0 | J24: 0 | K24: 0 | L24: 0 | M24: =SUMIF(C24:L24,"<>") -> 390.52
A25: 24 | B25: 45559 | C25: =153.5+87.25 -> 240.75 | D25: 0 | E25: 0 | F25: 0 | G25: 0 | H25: 0 | I25: 0 | J25: 0 | K25: 0 | L25: =1247 -> 1247 | M25: =SUMIF(C25:L25,"<>") -> 1487.75
A26: 25 | B26: 45560 | C26: =99.9+51 -> 150.9 | D26: 0 | E26: 0 | F26: 0 | G26: 0 | H26: 0 | I26: 0 | J26: 0 | K26: 0 | L26: 0 | M26: =SUMIF(C26:L26,"<>") -> 150.9
A27: 26 | B27: 45561 | C27: =110.5 -> 110.5 | D27: 0 | E27: =200 -> 200 | F27: 0 | G27: 0 | H27: 0 | I27: 0 | J27: 0 | K27: 0 | L27: 0 | M27: =SUMIF(C27:L27,"<>") -> 310.5
A28: 27 | B28: 45562 | C28: 0 | D28: =255 -> 255 | E28: 0 | F28: 0 | G28: 0 | H28: 0 | I28: 0 | J28: 0 | K28: 0 | L28: 0 | M28: =SUMIF(C28:L28,"<>") -> 255
A29: 28 | B29: 45563 | C29: =79.81+59.42+43.5 -> 182.73 | D29: 0 | E29: 0 | F29: 0 | G29: 0 | H29: 0 | I29: 0 | J29: 0 | K29: 0 | L29: 0 | M29: =SUMIF(C29:L29,"<>") -> 182.73
A30: 29 | B30: 45564 | C30: =844.4+331+69 -> 1244.4 | D30: 0 | E30: 0 | F30: 0 | G30: 0 | H30: 0 | I30: 0 | J30: 0 | K30: 0 | L30: 0 | M30: =SUMIF(C30:L30,"<>") -> 1244.4
A31: 30 | B31: 45565 | C31: 0 | D31: 0 | E31: 0 | F31: =5370+2000 -> 7370 | G31: 0 | H31: 0 | I31: 0 | J31: 0 | K31: 0 | L31: 0 | M31: =SUMIF(C31:L31,"<>") -> 7370

Sheet EKİM-2024
B1: Date | C1: Market | D1: Food | E1: Transport | F1: Rent | G1: Bills | H1: Taksit | I1: Abonelik | J1: Fun | K1: Edu | L1: Other | M1: Daily Total
A2: 1 | B2: 45566 | C2: 0 | D2: 0 | E2: 0 | F2: 0 | G2: 0 | H2: 0 | I2: 0 | J2: 0 | K2: 0 | L2: 0 | M2: =SUMIF(C2:L2,"<>") -> 0 | N2: Daily Avg. Food | O2: =+SUM(C2:C32,D2:D32)/ COUNTIFS(C2:C32, "<>", D2:D32, "<>") -> 186.54839
A3: 2 | B3: 45567 | C3: =222 -> 222 | D3: 0 | E3: 0 | F3: 0 | G3: 0 | H3: =470 -> 470 | I3: =26.21 -> 26.21 | J3: 0 | K3: 0 | L3: 0 | M3: =SUMIF(C3:K3,"<>") -> 718.21 | N3: Daily Avg | O3: =+O13 / COUNTIF(C2:C32, "<>") -> 564.55226
A4: 3 | B4: 45568 | C4: 0 | D4: 0 | E4: 0 | F4: 0 | G4: 0 | H4: 0 | I4: 0 | J4: 0 | K4: 0 | L4: 0 | M4: =SUMIF(C4:L4,"<>") -> 0 | N4: Market Total | O4: =+SUM(C2:C32) -> 3458
A5: 4 | B5: 45569 | C5: 0 | D5: 0 | E5: 0 | F5: 0 | G5: 0 | H5: 0 | I5: 0 | J5: 0 | K5: 0 | L5: 0 | M5: =SUMIF(C5:L5,"<>") -> 0 | N5: Food Total | O5: =+SUM(D2:D32) -> 2325
A6: 5 | B6: 45570 | C6: 0 | D6: 0 | E6: 0 | F6: 0 | G6: 0 | H6: 0 | I6: =39 -> 39 | J6: 0 | K6: 0 | L6: 0 | M6: =SUMIF(C6:L6,"<>") -> 39 | N6: Fun Total | O6: =SUM(J2:J32) -> 0
A7: 6 | B7: 45571 | C7: =30+61.07 -> 91.07 | D7: 0 | E7: 0 | F7: 0 | G7: 0 | H7: 0 | I7: 0 | J7: 0 | K7: 0 | L7: 0 | M7: =SUMIF(C7:K7,"<>") -> 91.07 | N7: Edu Total | O7: =SUM(K2:K32) -> 0
A8: 7 | B8: 45572 | C8: 0 | D8: 0 | E8: 0 | F8: 0 | G8: 0 | H8: 0 | I8: 0 | J8: 0 | K8: 0 | L8: 0 | M8: =SUMIF(C8:K8,"<>") -> 0 | N8: Trans. Total | O8: =+SUM(E2:E32) -> 0
A9: 8 | B9: 45573 | C9: 0 | D9: 0 | E9: 0 | F9: 0 | G9: 0 | H9: 0 | I9: 0 | J9: 0 | K9: 0 | L9: 0 | M9: =SUMIF(C9:L9,"<>") -> 0 | N9: Taksit Total | O9: =Sum(H2:H32) -> 5516.39
A10: 9 | B10: 45574 | C10: =30+15 -> 45 | D10: =75 -> 75 | E10: 0 | F10: 0 | G10: 0 | H10: 0 | I10: 0 | J10: 0 | K10: 0 | L10: 0 | M10: =SUMIF(C10:L10,"<>") -> 120 | N10: Abonelik Top. | O10: =SUM(I2:I32) -> 115.11
A11: 10 | B11: 45575 | C11: 0 | D11: 0 | E11: 0 | F11: 0 | G11: 0 | H11: 0 | I11: 0 | J11: 0 | K11: 0 | L11: 0 | M11: =SUMIF(C11:L11,"<>") -> 0 | N11: Other Total | O11: =+SUM(L2:L32) -> 1256.62
A12: 11 | B12: 45576 | C12: =30+25 -> 55 | D12: 0 | E12: 0 | F12: 0 | G12: 0 | H12: =3625.88 -> 3625.88 | I12: =49.9 -> 49.9 | J12: 0 | K12: 0 | L12: 0 | M12: =SUMIF(C12:L12,"<>") -> 3730.78 | N12: Bills | O12: =sum(G2:G32) -> 330
A13: 12 | B13: 45577 | C13: =120.84 -> 120.84 | D13: 0 | E13: 0 | F13: 0 | G13: 0 | H13: 0 | I13: 0 | J13: 0 | K13: 0 | L13: 0 | M13: =SUMIF(C13:L13,"<>") -> 120.84 | N13: Total | O13: =+SUM(C2:L32) -> 17501.12
A14: 13 | B14: 45578 | C14: 0 | D14: =390 -> 390 | E14: 0 | F14: 0 | G14: 0 | H14: 0 | I14: 0 | J14: 0 | K14: 0 | L14: 0 | M14: =SUMIF(C14:L14,"<>") -> 390
A15: 14 | B15: 45579 | C15: =58.84+79.75+45+55.75+19.5 -> 258.84 | D15: 0 | E15: 0 | F15: 0 | G15: 0 | H15: 0 | I15: 0 | J15: 0 | K15: 0 | L15: 0 | M15: =SUMIF(C15:L15,"<>") -> 258.84
A16: 15 | B16: 45580 | C16: =74+10+41.75 -> 125.75 | D16: 0 | E16: 0 | F16: 0 | G16: 0 | H16: 0 | I16: 0 | J16: 0 | K16: 0 | L16: 0 | M16: =SUMIF(C16:L16,"<>") -> 125.75
A17: 16 | B17: 45581 | C17: 0 | D17: 0 | E17: 0 | F17: 0 | G17: 0 | H17: 0 | I17: 0 | J17: 0 | K17: 0 | L17: 0 | M17: =SUMIF(C17:L17,"<>") -> 0
A18: 17 | B18: 45582 | C18: =153.25 -> 153.25 | D18: 0 | E18: 0 | F18: 0 | G18: 0 | H18: 0 | I18: 0 | J18: 0 | K18: 0 | L18: 0 | M18: =SUMIF(C18:L18,"<>") -> 153.25
A19: 18 | B19: 45583 | C19: =64.5 -> 64.5 | D19: 0 | E19: 0 | F19: 0 | G19: 0 | H19: 0 | I19: 0 | J19: 0 | K19: 0 | L19: 0 | M19: =SUMIF(C19:L19,"<>") -> 64.5
A20: 19 | B20: 45584 | C20: 0 | D20: =800 -> 800 | E20: 0 | F20: 0 | G20: 0 | H20: 0 | I20: 0 | J20: 0 | K20: 0 | L20: 0 | M20: =SUMIF(C20:L20,"<>") -> 800
A21: 20 | B21: 45585 | C21: =413.55 -> 413.55 | D21: 0 | E21: 0 | F21: 0 | G21: 0 | H21: 0 | I21: 0 | J21: 0 | K21: 0 | L21: 0 | M21: =SUMIF(D21:L21,"<>") -> 0
A22: 21 | B22: 45586 | C22: 0 | D22: 0 | E22: 0 | F22: 0 | G22: 0 | H22: 0 | I22: 0 | J22: 0 | K22: 0 | L22: 0 | M22: =SUMIF(C22:L22,"<>") -> 0
A23: 22 | B23: 45587 | C23: =64.88 -> 64.88 | D23: 0 | E23: 0 | F23: 0 | G23: 0 | H23: =1382.5 -> 1382.5 | I23: 0 | J23: 0 | K23: 0 | L23: 0 | M23: =SUMIF(C23:L23,"<>") -> 1447.38
A24: 23 | B24: 45588 | C24: 0 | D24: 0 | E24: 0 | F24: 0 | G24: 0 | H24: =38.01 -> 38.01 | I24: 0 | J24: 0 | K24: 0 | L24: 0 | M24: =SUMIF(C24:L24,"<>") -> 38.01
A25: 24 | B25: 45589 | C25: =337.07 -> 337.07 | D25: 0 | E25: 0 | F25: 0 | G25: 0 | H25: 0 | I25: 0 | J25: 0 | K25: 0 | L25: =169.76 -> 169.76 | M25: =SUMIF(C25:L25,"<>") -> 506.83
A26: 25 | B26: 45590 | C26: =681.8 -> 681.8 | D26: 0 | E26: 0 | F26: 0 | G26: 0 | H26: 0 | I26: 0 | J26: 0 | K26: 0 | L26: =425.86 -> 425.86 | M26: =SUMIF(C26:L26,"<>") -> 1107.66
A27: 26 | B27: 45591 | C27: 0 | D27: =305 -> 305 | E27: 0 | F27: 0 | G27: 0 | H27: 0 | I27: 0 | J27: 0 | K27: 0 | L27: =21+15 -> 36 | M27: =SUMIF(C27:L27,"<>") -> 341
A28: 27 | B28: 45592 | C28: 0 | D28: 0 | E28: 0 | F28: 0 | G28: 0 | H28: 0 | I28: 0 | J28: 0 | K28: 0 | L28: 0 | M28: =SUMIF(C28:L28,"<>") -> 0
A29: 28 | B29: 45593 | C29: =25+166.75 -> 191.75 | D29: 0 | E29: 0 | F29: 0 | G29: 0 | H29: 0 | I29: 0 | J29: 0 | K29: 0 | L29: 0 | M29: =SUMIF(C29:L29,"<>") -> 191.75
A30: 29 | B30: 45594 | C30: =47.93 -> 47.93 | D30: =755 -> 755 | E30: 0 | F30: 0 | G30: 0 | H30: 0 | I30: 0 | J30: 0 | K30: 0 | L30: =15 -> 15 | M30: =SUMIF(C30:L30,"<>") -> 817.93
A31: 30 | B31: 45595 | C31: 0 | D31: 0 | E31: 0 | F31: 0 | G31: 0 | H31: 0 | I31: 0 | J31: 0 | K31: 0 | L31: =21+23.5 -> 44.5 | M31: =SUMIF(C31:L31,"<>") -> 44.5
A32: 31 | B32: 45596 | C32: =294.7+290.07 -> 584.77 | D32: 0 | E32: 0 | F32: =2500+2000 -> 4500 | G32: =330 -> 330 | H32: 0 | I32: 0 | J32: 0 | K32: 0 | L32: =558+7.5 -> 565.5 | M32: =SUMIF(C32:L32,"<>") -> 5980.27

Sheet KASIM-2024
B1: Date | C1: Market | D1: Food | E1: Transport | F1: Rent | G1: Bills | H1: Taksit | I1: Abonelik | J1: Fun | K1: Edu | L1: Other | M1: Daily Total
A2: 1 | B2: 45597 | C2: 0 | D2: 0 | E2: 0 | F2: 0 | G2: 0 | H2: 0 | I2: 0 | J2: 0 | K2: 0 | L2: 0 | M2: =SUMIF(C2:L2,"<>") -> 0 | N2: Daily Avg. Food | O2: =+SUM(C2:C31,D2:D31)/ COUNTIFS(C2:C31, "<>", D2:D31, "<>") -> 142.59867
A3: 2 | B3: 45598 | C3: =64+64 -> 128 | D3: 0 | E3: 0 | F3: 0 | G3: =594.3 -> 594.3 | H3: 0 | I3: =25.94 -> 25.94 | J3: 0 | K3: 0 | L3: 0 | M3: =SUMIF(C3:K3,"<>") -> 748.24 | N3: Daily Avg | O3: =+O13 / COUNTIF(C2:C31, "<>") -> 683.61533
A4: 3 | B4: 45599 | C4: =17.5 -> 17.5 | D4: =335 -> 335 | E4: 0 | F4: 0 | G4: 0 | H4: 0 | I4: =19.9 -> 19.9 | J4: 0 | K4: 0 | L4: 0 | M4: =SUMIF(C4:L4,"<>") -> 372.4 | N4: Market Total | O4: =+SUM(C2:C31) -> 2291.43
A5: 4 | B5: 45600 | C5: 0 | D5: 0 | E5: 0 | F5: 0 | G5: 0 | H5: =470 -> 470 | I5: 0 | J5: 0 | K5: 0 | L5: 0 | M5: =SUMIF(C5:L5,"<>") -> 470 | N5: Food Total | O5: =+SUM(D2:D31) -> 1986.53
A6: 5 | B6: 45601 | C6: 0 | D6: 0 | E6: 0 | F6: 0 | G6: 0 | H6: 0 | I6: =39 -> 39 | J6: 0 | K6: 0 | L6: 0 | M6: =SUMIF(C6:L6,"<>") -> 39 | N6: Fun Total | O6: =SUM(J2:J31) -> 0
A7: 6 | B7: 45602 | C7: 0 | D7: =90+159+159 -> 408 | E7: 0 | F7: 0 | G7: 0 | H7: 0 | I7: 0 | J7: 0 | K7: 0 | L7: =7992 -> 7992 | M7: =SUMIF(C7:K7,"<>") -> 408 | N7: Edu Total | O7: =SUM(K2:K31) -> 139.99
A8: 7 | B8: 45603 | C8: 0 | D8: 0 | E8: 0 | F8: 0 | G8: 0 | H8: 0 | I8: 0 | J8: 0 | K8: 0 | L8: 0 | M8: =SUMIF(C8:K8,"<>") -> 0 | N8: Trans. Total | O8: =+SUM(E2:E31) -> 1293.99
A9: 8 | B9: 45604 | C9: 0 | D9: 0 | E9: 0 | F9: 0 | G9: 0 | H9: 0 | I9: 0 | J9: 0 | K9: 0 | L9: 0 | M9: =SUMIF(C9:L9,"<>") -> 0 | N9: Taksit Total | O9: =Sum(H2:H31) -> 4095.88
A10: 9 | B10: 45605 | C10: 0 | D10: =51.53 -> 51.53 | E10: 0 | F10: 0 | G10: 0 | H10: 0 | I10: 0 | J10: 0 | K10: 0 | L10: 0 | M10: =SUMIF(C10:L10,"<>") -> 51.53 | N10: Abonelik Top. | O10: =SUM(I2:I31) -> 84.84
A11: 10 | B11: 45606 | C11: =55+28.5 -> 83.5 | D11: 0 | E11: 0 | F11: 0 | G11: 0 | H11: 0 | I11: 0 | J11: 0 | K11: 0 | L11: 0 | M11: =SUMIF(C11:L11,"<>") -> 83.5 | N11: Other Total | O11: =+SUM(L2:L31) -> 8849
A12: 11 | B12: 45607 | C12: 0 | D12: 0 | E12: 0 | F12: 0 | G12: 0 | H12: 3625.88 | I12: 0 | J12: 0 | K12: 0 | L12: 0 | M12: =SUMIF(C12:L12,"<>") -> 3625.88 | N12: Bills | O12: =sum(G2:G31) -> 1766.8
A13: 12 | B13: 45608 | C13: 0 | D13: 0 | E13: 0 | F13: 0 | G13: 0 | H13: 0 | I13: 0 | J13: 0 | K13: 0 | L13: 0 | M13: =SUMIF(C13:L13,"<>") -> 0 | N13: Total | O13: =+SUM(C2:L31) -> 20508.46
A14: 13 | B14: 45609 | C14: 0 | D14: 0 | E14: 0 | F14: 0 | G14: 0 | H14: 0 | I14: 0 | J14: 0 | K14: 0 | L14: 0 | M14: =SUMIF(C14:L14,"<>") -> 0
A15: 14 | B15: 45610 | C15: 0 | D15: 0 | E15: 0 | F15: 0 | G15: 0 | H15: 0 | I15: 0 | J15: 0 | K15: 0 | L15: 0 | M15: =SUMIF(C15:L15,"<>") -> 0
A16: 15 | B16: 45611 | C16: 0 | D16: 0 | E16: 0 | F16: 0 | G16: 0 | H16: 0 | I16: 0 | J16: 0 | K16: 0 | L16: 0 | M16: =SUMIF(C16:L16,"<>") -> 0
A17: 16 | B17: 45612 | C17: =61.5+664 -> 725.5 | D17: =221 -> 221 | E17: 0 | F17: 0 | G17: 0 | H17: 0 | I17: 0 | J17: 0 | K17: 0 | L17: 0 | M17: =SUMIF(C17:L17,"<>") -> 946.5
A18: 17 | B18: 45613 | C18: =57.75 -> 57.75 | D18: 0 | E18: 0 | F18: 0 | G18: 0 | H18: 0 | I18: 0 | J18: 0 | K18: 0 | L18: 0 | M18: =SUMIF(C18:L18,"<>") -> 57.75
A19: 18 | B19: 45614 | C19: =30+160.1+176.55 -> 366.65 | D19: 0 | E19: 0 | F19: 0 | G19: 0 | H19: 0 | I19: 0 | J19: 0 | K19: 0 | L19: =217 -> 217 | M19: =SUMIF(C19:L19,"<>") -> 583.65
A20: 19 | B20: 45615 | C20: 0 | D20: =221 -> 221 | E20: 0 | F20: 0 | G20: 0 | H20: 0 | I20: 0 | J20: 0 | K20: 0 | L20: 0 | M20: =SUMIF(C20:L20,"<>") -> 221
A21: 20 | B21: 45616 | C21: =39+103+39.75 -> 181.75 | D21: 0 | E21: 0 | F21: 0 | G21: 0 | H21: 0 | I21: 0 | J21: 0 | K21: 0 | L21: 0 | M21: =SUMIF(D21:L21,"<>") -> 0
A22: 21 | B22: 45617 | C22: =119.25+47.75 -> 167 | D22: 0 | E22: 0 | F22: 0 | G22: 0 | H22: 0 | I22: 0 | J22: 0 | K22: 0 | L22: =100 -> 100 | M22: =SUMIF(C22:L22,"<>") -> 267
A23: 22 | B23: 45618 | C23: 0 | D23: 0 | E23: =529+560 -> 1089 | F23: 0 | G23: 0 | H23: 0 | I23: 0 | J23: 0 | K23: 0 | L23: 0 | M23: =SUMIF(C23:L23,"<>") -> 1089
A24: 23 | B24: 45619 | C24: 0 | D24: =750 -> 750 | E24: 0 | F24: 0 | G24: 0 | H24: 0 | I24: 0 | J24: 0 | K24: =139.99 -> 139.99 | L24: 0 | M24: =SUMIF(C24:L24,"<>") -> 889.99
A25: 24 | B25: 45620 | C25: =90+36.06+81.25 -> 207.31 | D25: 0 | E25: =204.99 -> 204.99 | F25: 0 | G25: 0 | H25: 0 | I25: 0 | J25: 0 | K25: 0 | L25: 0 | M25: =SUMIF(C25:L25,"<>") -> 412.3
A26: 25 | B26: 45621 | C26: 0 | D26: 0 | E26: 0 | F26: 0 | G26: 0 | H26: 0 | I26: 0 | J26: 0 | K26: 0 | L26: 0 | M26: =SUMIF(C26:L26,"<>") -> 0
A27: 26 | B27: 45622 | C27: 0 | D27: 0 | E27: 0 | F27: 0 | G27: 0 | H27: 0 | I27: 0 | J27: 0 | K27: 0 | L27: 0 | M27: =SUMIF(C27:L27,"<>") -> 0
A28: 27 | B28: 45623 | C28: 0 | D28: 0 | E28: 0 | F28: 0 | G28: 0 | H28: 0 | I28: 0 | J28: 0 | K28: 0 | L28: 0 | M28: =SUMIF(C28:L28,"<>") -> 0
A29: 28 | B29: 45624 | C29: 0 | D29: 0 | E29: 0 | F29: 0 | G29: 0 | H29: 0 | I29: 0 | J29: 0 | K29: 0 | L29: 0 | M29: =SUMIF(C29:L29,"<>") -> 0
A30: 29 | B30: 45625 | C30: 0 | D30: 0 | E30: 0 | F30: 0 | G30: =1172.5 -> 1172.5 | H30: 0 | I30: 0 | J30: 0 | K30: 0 | L30: =540 -> 540 | M30: =SUMIF(C30:L30,"<>") -> 1712.5
A31: 30 | B31: 45626 | C31: =101.47+255 -> 356.47 | D31: 0 | E31: 0 | F31: 0 | G31: 0 | H31: 0 | I31: 0 | J31: 0 | K31: 0 | L31: 0 | M31: =SUMIF(C31:L31,"<>") -> 356.47

Sheet MART-2024
B1: Date | C1: Market | D1: Yemek | E1: Transport | F1: Rent | G1: Bills | H1: Taksit | I1: Other | J1: Daily Total | K1: Daily Avg. Food | L1: Daily Avg | M1: Market Total | N1: Yemek Total | O1: Trans. Total | P1: Taksit Total | Q1: Other Total | R1: Total
A2: 1 | B2: 45292 | C2: =60 -> 60 | D2: 0 | E2: =450 -> 450 | F2: 0 | G2: 0 | H2: 0 | I2: =13.64 -> 13.64 | J2: =SUMIF(C2:I2,"<>") -> 523.64 | K2: =+SUM(C2:C32,D2:D32)/ COUNTIFS(C2:C32, "<>", D2:D32, "<>") -> 326.86258 | L2: =+R2 / COUNTIF(C2:C32, "<>") -> #REF! | M2: =+SUM(C2:C31) -> 6331.75 | N2: =+SUM(D2:D31) -> 3270.99 | O2: =+SUM(E2:E31) -> 3996.75 | P2: =Sum(H2:H32) -> #REF! | Q2: =+SUM(I2:I31) -> 2788.17 | R2: =+SUM(C2:I31) -> #REF!
A3: 2 | B3: 45293 | C3: 0 | D3: =138 -> 138 | E3: 0 | F3: 0 | G3: 0 | H3: 0 | I3: 0 | J3: =SUMIF(C3:I3,"<>") -> 138
A4: 3 | B4: 45294 | C4: =104+430 -> 534 | D4: 0 | E4: 0 | F4: 0 | G4: 0 | H4: =297.91 -> 297.91 | I4: 0 | J4: =SUMIF(C4:I4,"<>") -> 831.91
A5: 4 | B5: 45295 | C5: =168.25 -> 168.25 | D5: 0 | E5: 0 | F5: 0 | G5: 0 | H5: =216.81+77.49 -> 294.3 | I5: 0 | J5: =SUMIF(C5:I5,"<>") -> 462.55
A6: 5 | B6: 45296 | C6: 0 | D6: 0 | E6: =430 -> 430 | F6: 0 | G6: =241.9 -> 241.9 | H6: 0 | I6: =39+40.45 -> 79.45 | J6: =SUMIF(C6:I6,"<>") -> 751.35
A7: 6 | B7: 45297 | C7: 0 | D7: =149.99 -> 149.99 | E7: =124.96 -> 124.96 | F7: 0 | G7: 0 | H7: 0 | I7: 0 | J7: =SUMIF(C7:I7,"<>") -> 274.95
A8: 7 | B8: 45298 | C8: =128.55+97+350.22 -> 575.77 | D8: 0 | E8: 0 | F8: 0 | G8: 0 | H8: 0 | I8: =250+750+890 -> 1890 | J8: =SUMIF(C8:I8,"<>") -> 2465.77
A9: 8 | B9: 45299 | C9: =150.18 -> 150.18 | D9: 0 | E9: 0 | F9: 0 | G9: 0 | H9: 0 | I9: =123 -> 123 | J9: =SUMIF(C9:I9,"<>") -> 273.18
A10: 9 | B10: 45300 | C10: =78.46+199.14+70.9 -> 348.5 | D10: 0 | E10: 0 | F10: 0 | G10: 0 | H10: 0 | I10: 0 | J10: =SUMIF(C10:I10,"<>") -> 348.5
A11: 10 | B11: 45301 | C11: =165.75 -> 165.75 | D11: =170+260 -> 430 | E11: =276.95+152.99 -> 429.94 | F11: 0 | G11: 0 | H11: 0 | I11: 0 | J11: =SUMIF(C11:I11,"<>") -> 1025.69 | L11: BORÇLAR
A12: 11 | B12: 45302 | C12: =185.19 -> 185.19 | D12: =286 -> 286 | E12: =102.99+170 -> 272.99 | F12: 0 | G12: 0 | H12: 0 | I12: 0 | J12: =SUMIF(C12:I12,"<>") -> 744.18 | L12: Bu ay | M12: Kira | N12: Diyetisyen
A13: 12 | B13: 45303 | C13: 0 | D13: =267+137+200+60 -> 664 | E13: =152.99 -> 152.99 | F13: 0 | G13: 0 | H13: =229.98 -> 229.98 | I13: =126.31 -> 126.31 | J13: =SUMIF(C13:I13,"<>") -> 1173.28 | L13: =R2 -> #REF! | M13: 0 | N13: 0
A14: 13 | B14: 45304 | C14: 0 | D14: =398 -> 398 | E14: 0 | F14: 0 | G14: 0 | H14: 0 | I14: 0 | J14: =SUMIF(C14:I14,"<>") -> 398 | L14: TOPLAM | M14: =Sum(L13:O13) -> #REF!
A15: 14 | B15: 45305 | C15: =368.05 -> 368.05 | D15: 0 | E15: =152.99 -> 152.99 | F15: 0 | G15: 0 | H15: 0 | I15: 0 | J15: =SUMIF(C15:I15,"<>") -> 521.04
A16: 15 | B16: 45306 | C16: 0 | D16: =75+220 -> 295 | E16: 0 | F16: 0 | G16: 0 | H16: =882.24+122.5 -> 1004.74 | I16: 0 | J16: =SUMIF(C16:I16,"<>") -> 1299.74
A17: 16 | B17: 45307 | C17: =124 -> 124 | D17: =190 -> 190 | E17: 0 | F17: 0 | G17: 0 | H17: =301.46 -> 301.46 | I17: 0 | J17: =SUMIF(C17:I17,"<>") -> 615.46
A18: 17 | B18: 45308 | C18: =83.37+50+27.5 -> 160.87 | D18: 0 | E18: 0 | F18: 0 | G18: 0 | H18: 0 | I18: 0 | J18: =SUMIF(C18:I18,"<>") -> 160.87
A19: 18 | B19: 45309 | C19: =591.62 -> 591.62 | D19: 0 | E19: =430+152.99 -> 582.99 | F19: 0 | G19: 0 | H19: 0 | I19: 0 | J19: =SUMIF(C19:I19,"<>") -> 1174.61
A20: 19 | B20: 45310 | C20: 0 | D20: =299 -> 299 | E20: 0 | F20: 0 | G20: 0 | H20: 0 | I20: 0 | J20: =SUMIF(C20:I20,"<>") -> 299
A21: 20 | B21: 45311 | C21: =30+89.14 -> 119.14 | D21: 0 | E21: 0 | F21: 0 | G21: 0 | H21: 0 | I21: =104.9 -> 104.9 | J21: =SUMIF(C21:I21,"<>") -> 224.04
A22: 21 | B22: 45312 | C22: 0 | D22: 0 | E22: =152.99 -> 152.99 | F22: 0 | G22: 0 | H22: =106.25 -> 106.25 | I22: 0 | J22: =SUMIF(C22:I22,"<>") -> 259.24
A23: 22 | B23: 45313 | C23: 0 | D23: =421 -> 421 | E23: 0 | F23: 0 | G23: 0 | H23: =67.49 -> 67.49 | I23: =28.9 -> 28.9 | J23: =SUMIF(C23:I23,"<>") -> 517.39
A24: 23 | B24: 45314 | C24: =129.58 -> 129.58 | D24: 0 | E24: =17+430+430+150 -> 1027 | F24: 0 | G24: 0 | H24: =599.8 -> 599.8 | I24: =20.1 -> 20.1 | J24: =SUMIF(C24:I24,"<>") -> 1776.48
A25: 24 | B25: 45315 | C25: =122.15 -> 122.15 | D25: 0 | E25: =104.95 -> 104.95 | F25: 0 | G25: 0 | H25: 0 | I25: 0 | J25: =SUMIF(C25:I25,"<>") -> 227.1
A26: 25 | B26: 45316 | C26: 0 | D26: 0 | E26: 0 | F26: 0 | G26: 0 | H26: 0 | I26: 0 | J26: =SUMIF(C26:I26,"<>") -> 0
A27: 26 | B27: 45317 | C27: =139.35+256.8+377 -> 773.15 | D27: 0 | E27: 0 | F27: 0 | G27: 0 | H27: 0 | I27: 0 | J27: =SUMIF(C27:I27,"<>") -> 773.15
A28: 27 | B28: 45318 | C28: =144.25+190 -> 334.25 | D28: 0 | E28: =114.95 -> 114.95 | F28: 0 | G28: 0 | H28: =100 -> 100 | I28: =401.87 -> 401.87 | J28: =SUMIF(C28:I28,"<>") -> 951.07
A29: 28 | B29: 45319 | C29: =235+630 -> 865 | D29: 0 | E29: 0 | F29: 0 | G29: 0 | H29: =#REF! -> #REF! | I29: 0 | J29: =SUMIF(C29:I29,"<>") -> #REF!
A30: 29 | B30: 45320 | C30: =182.7+110.07 -> 292.77 | D30: 0 | E30: 0 | F30: 0 | G30: 0 | H30: 0 | I30: 0 | J30: =SUMIF(C30:I30,"<>") -> 292.77
A31: 30 | B31: 45321 | C31: =263.53 -> 263.53 | D31: 0 | E31: 0 | F31: 0 | G31: 0 | H31: =725 -> 725 | I31: 0 | J31: =SUMIF(C31:I31,"<>") -> 988.53
A32: 31 | B32: 45322 | C32: =60+180+290 -> 530 | D32: 0 | E32: 0 | F32: 0 | G32: 0 | H32: 0 | I32: 0 | J32: =SUMIF(C32:I32,"<>") -> 530

Sheet MAYIS-2023
C1: Date | D1: Food | E1: Transport | F1: Rent | G1: Bills | H1: Other | I1: Daily Avg. Food | J1: Daily Avg | K1: Food Total | L1: Trans. Total | M1: Other | N1: Total
B2: 1 | C2: 45047 | D2: =42 -> 42 | E2: 0 | F2: 0 | G2: 0 | H2: 0 | I2: =+AVERAGE(D2:D31) -> 88.318 | J2: =+N2/B29 -> 345.65357 | K2: =+SUM(D2:D31) -> 2649.54 | L2: =+SUM(E2:E31) -> 100 | M2: =+SUM(H2:H31) -> 6678.76 | N2: =+SUM(D2:H31) -> 9678.3
B3: 2 | C3: 45048 | D3: =29.75 -> 29.75 | E3: =50 -> 50 | F3: 0 | G3: 0 | H3: 0
B4: 3 | C4: 45049 | D4: =100.99 -> 100.99 | E4: 0 | F4: 0 | G4: 0 | H4: =249.9+297.91+7.15+237.27 -> 792.23
B5: 4 | C5: 45050 | D5: =82.75+30.15 -> 112.9 | E5: 0 | F5: 0 | G5: 0 | H5: 0
B6: 5 | C6: 45051 | D6: =97.5+139.8 -> 237.3 | E6: 0 | F6: 0 | G6: 0 | H6: =7.9 -> 7.9
B7: 6 | C7: 45052 | D7: 0 | E7: 0 | F7: 0 | G7: =132+118 -> 250 | H7: =833.33 -> 833.33
B8: 7 | C8: 45053 | D8: =144.42 -> 144.42 | E8: 0 | F8: 0 | G8: 0 | H8: =7.8+5.2+52.02+394.45 -> 459.47
B9: 8 | C9: 45054 | D9: =30 -> 30 | E9: 0 | F9: 0 | G9: 0 | H9: =289.96+10.87+1.09+1.63 -> 303.55
B10: 9 | C10: 45055 | D10: 0 | E10: =50 -> 50 | F10: 0 | G10: 0 | H10: 0
B11: 10 | C11: 45056 | D11: 0 | E11: 0 | F11: 0 | G11: 0 | H11: 0 | J11: BORÇLAR
B12: 11 | C12: 45057 | D12: =126.65+69.4 -> 196.05 | E12: 0 | F12: 0 | G12: 0 | H12: =55.5+78+85.91 -> 219.41 | J12: Bu ay | K12: k.kartı | L12: kira borç
B13: 12 | C13: 45058 | D13: =51.5 -> 51.5 | E13: 0 | F13: 0 | G13: 0 | H13: 0 | J13: =N2 -> 9678.3 | L13: =337.36 -> 337.36
B14: 13 | C14: 45059 | D14: =25.81+80.75 -> 106.56 | E14: 0 | F14: 0 | G14: 0 | H14: 0 | J14: TOPLAM | K14: =SUM(J13:L13) -> 10015.66
B15: 14 | C15: 45060 | D15: =19.41 -> 19.41 | E15: 0 | F15: 0 | G15: 0 | H15: 0
B16: 15 | C16: 45061 | D16: 0 | E16: 0 | F16: 0 | G16: 0 | H16: 0
B17: 16 | C17: 45062 | D17: =94.1+131.11 -> 225.21 | E17: 0 | F17: 0 | G17: 0 | H17: =71.99+76.5 -> 148.49
B18: 17 | C18: 45063 | D18: =55.32 -> 55.32 | E18: 0 | F18: 0 | G18: 0 | H18: 0
B19: 18 | C19: 45064 | D19: =8+150.1 -> 158.1 | E19: 0 | F19: 0 | G19: 0 | H19: 0
B20: 19 | C20: 45065 | D20: 0 | E20: 0 | F20: 0 | G20: 0 | H20: 0
B21: 20 | C21: 45066 | D21: =20 -> 20 | E21: 0 | F21: 0 | G21: 0 | H21: =450.03+5.54+0.55+0.83+14.9 -> 471.85
B22: 21 | C22: 45067 | D22: =24+270+45 -> 339 | E22: 0 | F22: 0 | G22: 0 | H22: =87.5 -> 87.5
B23: 22 | C23: 45068 | D23: 0 | E23: 0 | F23: 0 | G23: 0 | H23: =84.99 -> 84.99
B24: 23 | C24: 45069 | D24: =107.52 -> 107.52 | E24: 0 | F24: 0 | G24: 0 | H24: 0
B25: 24 | C25: 45070 | D25: =42.9+46.94+64.72 -> 154.56 | E25: 0 | F25: 0 | G25: 0 | H25: =116.7+258.9+184.99 -> 560.59
B26: 25 | C26: 45071 | D26: 0 | E26: 0 | F26: 0 | G26: 0 | H26: 0
B27: 26 | C27: 45072 | D27: =39.22+100.99 -> 140.21 | E27: 0 | F27: 0 | G27: 0 | H27: 0
B28: 27 | C28: 45073 | D28: =28 -> 28 | E28: 0 | F28: 0 | G28: 0 | H28: 0
B29: 28 | C29: 45074 | D29: =122 -> 122 | E29: 0 | F29: 0 | G29: 0 | H29: =1540.91+115.59+11.56+17.34 -> 1685.4
B30: 29 | C30: 45075 | D30: =110.99 -> 110.99 | E30: 0 | F30: 0 | G30: 0 | H30: =172.05+152+700 -> 1024.05
B31: 30 | C31: 45076 | D31: =117.75 -> 117.75 | E31: 0 | F31: 0 | G31: 0 | H31: 0
B32: 31 | C32: 45077 | D32: =40.99 -> 40.99 | E32: 0 | F32: 0 | G32: 0 | H32: =119 -> 119

Sheet HAZİRAN-2023
B1: Date | C1: Food | D1: Transport | E1: Rent | F1: Bills | G1: Other | H1: Daily Avg. Food | I1: Daily Avg | J1: Food Total | K1: Trans. Total | L1: Other | M1: Total
A2: 1 | B2: 45078 | C2: =160.65+105.33 -> 265.98 | D2: 0 | E2: 0 | F2: 0 | G2: 0 | H2: =+AVERAGE(C2:C31) -> 254.50267 | I2: =+M2/A29 -> 526.15036 | J2: =+SUM(C2:C31) -> 7635.08 | K2: =+SUM(D2:D31) -> 254.98 | L2: =+SUM(G2:G31) -> 6592.25 | M2: =+SUM(C2:G31) -> 14732.21
A3: 2 | B3: 45079 | C3: =234.4 -> 234.4 | D3: 0 | E3: 0 | F3: 0 | G3: 0
A4: 3 | B4: 45080 | C4: =162 -> 162 | D4: 0 | E4: 0 | F4: 0 | G4: =80+237.26+297.91 -> 615.17
A5: 4 | B5: 45081 | C5: 0 | D5: 0 | E5: 0 | F5: 0 | G5: =39+169 -> 208
A6: 5 | B6: 45082 | C6: =81+40 -> 121 | D6: =50 -> 50 | E6: 0 | F6: 0 | G6: 0
A7: 6 | B7: 45083 | C7: =70+80+104 -> 254 | D7: 0 | E7: 0 | F7: 0 | G7: =49.99+833.33 -> 883.32
A8: 7 | B8: 45084 | C8: =120+799 -> 919 | D8: 0 | E8: 0 | F8: =118+131.9 -> 249.9 | G8: =4.72+47.16+400.52+7.07 -> 459.47
A9: 8 | B9: 45085 | C9: =127.23+109.65+137.87 -> 374.75 | D9: 0 | E9: 0 | F9: 0 | G9: =1.09+0.73+7.3+294.43 -> 303.55
A10: 9 | B10: 45086 | C10: =135+599 -> 734 | D10: 0 | E10: 0 | F10: 0 | G10: 0
A11: 10 | B11: 45087 | C11: 0 | D11: 0 | E11: 0 | F11: 0 | G11: =51 -> 51 | I11: BORÇLAR
A12: 11 | B12: 45088 | C12: 0 | D12: 0 | E12: 0 | F12: 0 | G12: 0 | I12: Bu ay | J12: k.kartı | K12: kira borç
A13: 12 | B13: 45089 | C13: =122 -> 122 | D13: 0 | E13: 0 | F13: 0 | G13: =97.45+22 -> 119.45 | I13: =M2 -> 14732.21 | J13: 0 | K13: =0 -> 0
A14: 13 | B14: 45090 | C14: =24.25+200 -> 224.25 | D14: 0 | E14: 0 | F14: 0 | G14: 0 | I14: TOPLAM | J14: =SUM(I13:K13) -> 14732.21
A15: 14 | B15: 45091 | C15: 0 | D15: 0 | E15: 0 | F15: 0 | G15: =700+111 -> 811
A16: 15 | B16: 45092 | C16: =32.76+150+23.9 -> 206.66 | D16: 0 | E16: 0 | F16: 0 | G16: =63.88 -> 63.88
A17: 16 | B17: 45093 | C17: =36.5+44.4 -> 80.9 | D17: 0 | E17: 0 | F17: 0 | G17: =76.5+71.99 -> 148.49
A18: 17 | B18: 45094 | C18: =138+130.46 -> 268.46 | D18: 0 | E18: 0 | F18: 0 | G18: 0
A19: 18 | B19: 45095 | C19: =340+53+190+355+317+10+36.5 -> 1301.5 | D19: =50+102.99 -> 152.99 | E19: 0 | F19: 0 | G19: 0
A20: 19 | B20: 45096 | C20: =10+290+163 -> 463 | D20: =51.99 -> 51.99 | E20: 0 | F20: 0 | G20: =14.9 -> 14.9
A21: 20 | B21: 45097 | C21: =146 -> 146 | D21: 0 | E21: 0 | F21: 0 | G21: =111 -> 111
A22: 21 | B22: 45098 | C22: =105 -> 105 | D22: 0 | E22: 0 | F22: 0 | G22: =87.5 -> 87.5
A23: 22 | B23: 45099 | C23: =62.07+8.35 -> 70.42 | D23: 0 | E23: 0 | F23: 0 | G23: 0
A24: 23 | B24: 45100 | C24: =47.89+251.37+124 -> 423.26 | D24: 0 | E24: 0 | F24: 0 | G24: 0
A25: 24 | B25: 45101 | C25: =56 -> 56 | D25: 0 | E25: 0 | F25: 0 | G25: 0
A26: 25 | B26: 45102 | C26: =47.23+71.96 -> 119.19 | D26: 0 | E26: 0 | F26: 0 | G26: 0
A27: 26 | B27: 45103 | C27: =493.06+56 -> 549.06 | D27: 0 | E27: 0 | F27: 0 | G27: 0
A28: 27 | B28: 45104 | C28: 0 | D28: 0 | E28: 0 | F28: 0 | G28: 0
A29: 28 | B29: 45105 | C29: =141.5 -> 141.5 | D29: 0 | E29: 0 | F29: 0 | G29: =165+1850.52 -> 2015.52
A30: 29 | B30: 45106 | C30: 0 | D30: 0 | E30: 0 | F30: 0 | G30: =700 -> 700
A31: 30 | B31: 45107 | C31: =250+24+18.75 -> 292.75 | D31: 0 | E31: 0 | F31: 0 | G31: 0

Sheet TEMMUZ-2023
B1: Date | C1: Food | D1: Transport | E1: Rent | F1: Bills | G1: Other | H1: Daily Avg. Food | I1: Daily Avg | J1: Food Total | K1: Trans. Total | L1: Other | M1: Total
A2: 1 | B2: 45108 | C2: =446 -> 446 | D2: =229.5 -> 229.5 | E2: 0 | F2: 0 | G2: 0 | H2: =+AVERAGE(C2:C31) -> 257.138 | I2: =+M2/A29 -> #REF! | J2: =+SUM(C2:C31) -> 7714.14 | K2: =+SUM(D2:D31) -> 1157.92 | L2: =+SUM(G2:G31) -> #REF! | M2: =+SUM(C2:G31) -> #REF!
A3: 2 | B3: 45109 | C3: =43.54 -> 43.54 | D3: 0 | E3: 0 | F3: 0 | G3: 0
A4: 3 | B4: 45110 | C4: =51+237.26 -> 288.26 | D4: 0 | E4: 0 | F4: 0 | G4: =297.91+6.88 -> 304.79
A5: 4 | B5: 45111 | C5: =62.76+304.6 -> 367.36 | D5: 0 | E5: 0 | F5: 0 | G5: =80.79 -> 80.79
A6: 5 | B6: 45112 | C6: =79.86 -> 79.86 | D6: 0 | E6: 0 | F6: =117.75+132 -> 249.75 | G6: =39 -> 39
A7: 6 | B7: 45113 | C7: =63.25+120 -> 183.25 | D7: 0 | E7: 0 | F7: 0 | G7: =240+833.33 -> 1073.33
A8: 7 | B8: 45114 | C8: =95 -> 95 | D8: 0 | E8: 0 | F8: 0 | G8: =459.47 -> 459.47
A9: 8 | B9: 45115 | C9: =120+190+205 -> 515 | D9: =102.99 -> 102.99 | E9: 0 | F9: 0 | G9: =303.55 -> 303.55
A10: 9 | B10: 45116 | C10: =569+165 -> 734 | D10: 0 | E10: 0 | F10: 0 | G10: 0
A11: 10 | B11: 45117 | C11: =73.55+128.46+19.21+100 -> 321.22 | D11: 0 | E11: 0 | F11: 0 | G11: 0 | I11: BORÇLAR
A12: 11 | B12: 45118 | C12: =57.34+8.5 -> 65.84 | D12: 0 | E12: 0 | F12: 0 | G12: 0 | I12: Bu ay | J12: k.kartı | K12: kira borç
A13: 12 | B13: 45119 | C13: =55 -> 55 | D13: 0 | E13: 0 | F13: 0 | G13: =22 -> 22 | I13: =M2 -> #REF! | J13: 0 | K13: =0 -> 0
A14: 13 | B14: 45120 | C14: =35.8+48+36.14 -> 119.94 | D14: 0 | E14: 0 | F14: 0 | G14: =203.55 -> 203.55 | I14: TOPLAM | J14: =SUM(I13:K13) -> #REF!
A15: 14 | B15: 45121 | C15: =17 -> 17 | D15: 0 | E15: 0 | F15: 0 | G15: =700 -> 700
A16: 15 | B16: 45122 | C16: =138+85+320 -> 543 | D16: 0 | E16: 0 | F16: 0 | G16: =63.86 -> 63.86
A17: 16 | B17: 45123 | C17: =111+115+50 -> 276 | D17: 0 | E17: 0 | F17: 0 | G17: =85 -> 85
A18: 17 | B18: 45124 | C18: =140.62+160+18+50 -> 368.62 | D18: 0 | E18: 0 | F18: =64.88 -> 64.88 | G18: 0
A19: 18 | B19: 45125 | C19: =90+64 -> 154 | D19: 0 | E19: 0 | F19: 0 | G19: =49.65 -> 49.65
A20: 19 | B20: 45126 | C20: =90 -> 90 | D20: 0 | E20: 0 | F20: 0 | G20: =14.9 -> 14.9
A21: 20 | B21: 45127 | C21: =335+115+47 -> 497 | D21: 0 | E21: 0 | F21: 0 | G21: 0
A22: 21 | B22: 45128 | C22: =45+214 -> 259 | D22: 0 | E22: 0 | F22: 0 | G22: =70 -> 70
A23: 22 | B23: 45129 | C23: =375+190+85 -> 650 | D23: 0 | E23: 0 | F23: 0 | G23: 0
A24: 23 | B24: 45130 | C24: =441+110 -> 551 | D24: 0 | E24: 0 | F24: 0 | G24: =490.35 -> 490.35
A25: 24 | B25: 45131 | C25: =60 -> 60 | D25: 0 | E25: 0 | F25: 0 | G25: 0
A26: 25 | B26: 45132 | C26: =+10+85+58 -> 153 | D26: =75+50 -> 125 | E26: 0 | F26: 0 | G26: =11.5+239.96 -> 251.46
A27: 26 | B27: 45133 | C27: =17+46 -> 63 | D27: 0 | E27: 0 | F27: 0 | G27: =94.41 -> 94.41
A28: 27 | B28: 45134 | C28: =205+180 -> 385 | D28: =12.43+12.43+10.36 -> 35.22 | E28: 0 | F28: 0 | G28: 0
A29: 28 | B29: 45135 | C29: =173.25 -> 173.25 | D29: 0 | E29: 0 | F29: 0 | G29: =#REF! -> #REF!
A30: 29 | B30: 45136 | C30: 0 | D30: =315.21+350 -> 665.21 | E30: 0 | F30: 0 | G30: =700 -> 700
A31: 30 | B31: 45137 | C31: =160 -> 160 | D31: 0 | E31: 0 | F31: 0 | G31: 0
B32: 45138 | C32: 0 | D32: =86.75 -> 86.75 | E32: 0 | F32: 0 | G32: 0

Sheet AĞUSTOS-2023
B1: Date | C1: Food | D1: Transport | E1: Rent | F1: Bills | G1: Other | H1: Daily Avg. Food | I1: Daily Avg | J1: Food Total | K1: Trans. Total | L1: Other | M1: Total
A2: 1 | B2: 45139 | C2: =149+160 -> 309 | D2: =12.43*2+11.91 -> 36.77 | E2: 0 | F2: 0 | G2: =450+229.5 -> 679.5 | H2: =+AVERAGE(C2:C31) -> 211.21033 | I2: =+M2/A29 -> #REF! | J2: =+SUM(C2:C32) -> 6607.73 | K2: =+SUM(D2:D32) -> 198.52 | L2: =+SUM(G2:G32) -> #REF! | M2: =+SUM(C2:G32) -> #REF!
A3: 2 | B3: 45140 | C3: =90 -> 90 | D3: 0 | E3: 0 | F3: 0 | G3: =14.01 -> 14.01
A4: 3 | B4: 45141 | C4: =66.55+48 -> 114.55 | D4: 0 | E4: 0 | F4: 0 | G4: =237.26+1470.19+297.91 -> 2005.36
A5: 4 | B5: 45142 | C5: =329.25+86.23+162.22+218.74+76 -> 872.44 | D5: 0 | E5: 0 | F5: =291.5 -> 291.5 | G5: =80.77 -> 80.77
A6: 5 | B6: 45143 | C6: =76+12.75+14+135 -> 237.75 | D6: 0 | E6: 0 | F6: 0 | G6: =39 -> 39
A7: 6 | B7: 45144 | C7: 0 | D7: 0 | E7: 0 | F7: 0 | G7: =833.35 -> 833.35
A8: 7 | B8: 45145 | C8: 0 | D8: 0 | E8: 0 | F8: =349.9 -> 349.9 | G8: =116+73+#REF!+20.31 -> #REF!
A9: 8 | B9: 45146 | C9: =28.4+85 -> 113.4 | D9: 0 | E9: 0 | F9: 0 | G9: =63.89 -> 63.89
A10: 9 | B10: 45147 | C10: =73 -> 73 | D10: 0 | E10: 0 | F10: 0 | G10: 0
A11: 10 | B11: 45148 | C11: =60+97.75 -> 157.75 | D11: 0 | E11: 0 | F11: 0 | G11: 0 | I11: BORÇLAR
A12: 11 | B12: 45149 | C12: 0 | D12: 0 | E12: 0 | F12: 0 | G12: =73.7 -> 73.7 | I12: Bu ay | J12: k.kartı | K12: kira borç
A13: 12 | B13: 45150 | C13: =40+120 -> 160 | D13: 0 | E13: 0 | F13: 0 | G13: =270+22 -> 292 | I13: =M2 -> #REF! | J13: 0 | K13: =0 -> 0
A14: 13 | B14: 45151 | C14: =34.85+105.1+100+132 -> 371.95 | D14: 0 | E14: 0 | F14: 0 | G14: =203.53 -> 203.53 | I14: TOPLAM | J14: =SUM(I13:K13) -> #REF!
A15: 14 | B15: 45152 | C15: =73 -> 73 | D15: 0 | E15: 0 | F15: 0 | G15: =700+150 -> 850
A16: 15 | B16: 45153 | C16: =135+112+260 -> 507 | D16: 0 | E16: 0 | F16: 0 | G16: =331.25+55+63.86 -> 450.11
A17: 16 | B17: 45154 | C17: =19.9 -> 19.9 | D17: 0 | E17: 0 | F17: 0 | G17: =60 -> 60
A18: 17 | B18: 45155 | C18: 0 | D18: 0 | E18: 0 | F18: 0 | G18: 0
A19: 18 | B19: 45156 | C19: =159.25+114+260 -> 533.25 | D19: 0 | E19: 0 | F19: 0 | G19: =14.9 -> 14.9
A20: 19 | B20: 45157 | C20: 0 | D20: 0 | E20: 0 | F20: 0 | G20: 0
A21: 20 | B21: 45158 | C21: =22.5 -> 22.5 | D21: 0 | E21: 0 | F21: 0 | G21: 0
A22: 21 | B22: 45159 | C22: =94.75+55 -> 149.75 | D22: 0 | E22: 0 | F22: 0 | G22: 0
A23: 22 | B23: 45160 | C23: =115 -> 115 | D23: 0 | E23: 0 | F23: 0 | G23: 0
A24: 23 | B24: 45161 | C24: =115.61+73 -> 188.61 | D24: 0 | E24: 0 | F24: 0 | G24: =490.32 -> 490.32
A25: 24 | B25: 45162 | C25: =15.54 -> 15.54 | D25: 0 | E25: 0 | F25: 0 | G25: 0
A26: 25 | B26: 45163 | C26: =304+329 -> 633 | D26: =75 -> 75 | E26: 0 | F26: 0 | G26: =51 -> 51
A27: 26 | B27: 45164 | C27: =90+140+143.16 -> 373.16 | D27: 0 | E27: 0 | F27: 0 | G27: =210+131.63+94.37 -> 436
A28: 27 | B28: 45165 | C28: =130+60 -> 190 | D28: 0 | E28: 0 | F28: 0 | G28: 0
A29: 28 | B29: 45166 | C29: =73 -> 73 | D29: 0 | E29: 0 | F29: 0 | G29: =149.97+1850 -> 1999.97
A30: 29 | B30: 45167 | C30: =285 -> 285 | D30: 0 | E30: 0 | F30: 0 | G30: =700 -> 700
A31: 30 | B31: 45168 | C31: =106.5+57.26+199+295 -> 657.76 | D31: 0 | E31: 0 | F31: 0 | G31: 0
A32: 31 | B32: 45169 | C32: =92.78+178.64 -> 271.42 | D32: =86.75 -> 86.75 | E32: 0 | F32: 0 | G32: =75 -> 75

Sheet EYLÜL-2023
B1: Date | C1: Food | D1: Transport | E1: Rent | F1: Bills | G1: Other | H1: Daily Total | I1: Daily Avg. Food | J1: Daily Avg | K1: Food Total | L1: Trans. Total | M1: Other | N1: Total
A2: 1 | B2: 45170 | C2: =73 -> 73 | D2: 0 | E2: 0 | F2: 0 | G2: =#REF!+#REF! -> #REF! | H2: =SUM(C2:G2) -> #REF! | I2: =+AVERAGE(C2:C31) -> 216.609 | J2: =+N2/A29 -> #REF! | K2: =+SUM(C2:C31) -> 6498.27 | L2: =+SUM(D2:D31) -> 73.45 | M2: =+SUM(G2:G31) -> #REF! | N2: =+SUM(C2:G31) -> #REF!
A3: 2 | B3: 45171 | C3: =100.95 -> 100.95 | D3: 0 | E3: 0 | F3: =13.88 -> 13.88 | G3: 0 | H3: =SUM(C3:G3) -> 114.83
A4: 3 | B4: 45172 | C4: 0 | D4: 0 | E4: 0 | F4: 0 | G4: =#REF!+#REF! -> #REF! | H4: =SUM(C4:G4) -> #REF!
A5: 4 | B5: 45173 | C5: =109.99 -> 109.99 | D5: 0 | E5: 0 | F5: 0 | G5: =#REF! -> #REF! | H5: =SUM(C5:G5) -> #REF!
A6: 5 | B6: 45174 | C6: =251.37+73 -> 324.37 | D6: 0 | E6: 0 | F6: =350 -> 350 | G6: =39 -> 39 | H6: =SUM(C6:G6) -> 713.37
A7: 6 | B7: 45175 | C7: =48.97 -> 48.97 | D7: 0 | E7: 0 | F7: 0 | G7: =20.47 -> 20.47 | H7: =SUM(C7:G7) -> 69.44
A8: 7 | B8: 45176 | C8: 0 | D8: 0 | E8: 0 | F8: =156.25 -> 156.25 | G8: =#REF!+#REF! -> #REF! | H8: =SUM(C8:G8) -> #REF!
A9: 8 | B9: 45177 | C9: 0 | D9: 0 | E9: 0 | F9: 0 | G9: =#REF! -> #REF! | H9: =SUM(C9:G9) -> #REF!
A10: 9 | B10: 45178 | C10: =301.75 -> 301.75 | D10: 0 | E10: 0 | F10: 0 | G10: =39.5 -> 39.5 | H10: =SUM(C10:G10) -> 341.25
A11: 10 | B11: 45179 | C11: =50+415 -> 465 | D11: 0 | E11: 0 | F11: 0 | G11: 0 | H11: =SUM(C11:G11) -> 465 | J11: BORÇLAR
A12: 11 | B12: 45180 | C12: 0 | D12: 0 | E12: 0 | F12: 0 | G12: 0 | H12: =SUM(C12:G12) -> 0 | J12: Bu ay | K12: kira borç
A13: 12 | B13: 45181 | C13: =70+422.53+197+147+55.36+4.25 -> 896.14 | D13: 0 | E13: 0 | F13: 0 | G13: =22 -> 22 | H13: =SUM(C13:G13) -> 918.14 | J13: =N2 -> #REF! | K13: 1700
A14: 13 | B14: 45182 | C14: =179.01 -> 179.01 | D14: 0 | E14: 0 | F14: 0 | G14: =#REF! -> #REF! | H14: =SUM(C14:G14) -> #REF! | J14: TOPLAM | K14: =SUM(J13:K13) -> #REF!
A15: 14 | B15: 45183 | C15: 0 | D15: 0 | E15: 0 | F15: 0 | G15: =#REF!+#REF! -> #REF! | H15: =SUM(C15:G15) -> #REF!
A16: 15 | B16: 45184 | C16: =85.82 -> 85.82 | D16: 0 | E16: 0 | F16: 0 | G16: =#REF!+#REF! -> #REF! | H16: =SUM(C16:G16) -> #REF!
A17: 16 | B17: 45185 | C17: =45+275+139.21+187.95+73 -> 720.16 | D17: 0 | E17: 0 | F17: 0 | G17: =#REF!+#REF! -> #REF! | H17: =SUM(C17:G17) -> #REF!
A18: 17 | B18: 45186 | C18: =185+24.9 -> 209.9 | D18: 0 | E18: 0 | F18: 0 | G18: =14.9 -> 14.9 | H18: =SUM(C18:G18) -> 224.8
A19: 18 | B19: 45187 | C19: 0 | D19: 0 | E19: 0 | F19: 0 | G19: =#REF! -> #REF! | H19: =SUM(C19:G19) -> #REF!
A20: 19 | B20: 45188 | C20: =12+555 -> 567 | D20: 0 | E20: 0 | F20: 0 | G20: =73.75 -> 73.75 | H20: =SUM(C20:G20) -> 640.75
A21: 20 | B21: 45189 | C21: 0 | D21: 0 | E21: 0 | F21: 0 | G21: =#REF!+69.9 -> #REF! | H21: =SUM(C21:G21) -> #REF!
A22: 21 | B22: 45190 | C22: =23.65+223.76+70+50.3 -> 367.71 | D22: 0 | E22: 0 | F22: 0 | G22: =119.98 -> 119.98 | H22: =SUM(C22:G22) -> 487.69
A23: 22 | B23: 45191 | C23: 0 | D23: 0 | E23: 0 | F23: 0 | G23: 0 | H23: =SUM(C23:G23) -> 0
A24: 23 | B24: 45192 | C24: =90+33.65 -> 123.65 | D24: 0 | E24: 0 | F24: 0 | G24: =#REF! -> #REF! | H24: =SUM(C24:G24) -> #REF!
A25: 24 | B25: 45193 | C25: =181.75+70+92.07 -> 343.82 | D25: 0 | E25: 0 | F25: 0 | G25: =90 -> 90 | H25: =SUM(C25:G25) -> 433.82
A26: 25 | B26: 45194 | C26: =325 -> 325 | D26: 0 | E26: 0 | F26: 0 | G26: =#REF! -> #REF! | H26: =SUM(C26:G26) -> #REF!
A27: 26 | B27: 45195 | C27: =73+700.7 -> 773.7 | D27: 0 | E27: 0 | F27: 0 | G27: =87.49+94.37 -> 181.86 | H27: =SUM(C27:G27) -> 955.56
A28: 27 | B28: 45196 | C28: 0 | D28: 0 | E28: 0 | F28: 0 | G28: =98.36 -> 98.36 | H28: =SUM(C28:G28) -> 98.36
A29: 28 | B29: 45197 | C29: =39.25 -> 39.25 | D29: 0 | E29: 0 | F29: 0 | G29: =#REF! -> #REF! | H29: =SUM(C29:G29) -> #REF!
A30: 29 | B30: 45198 | C30: =100 -> 100 | D30: 0 | E30: 0 | F30: 0 | G30: =96 -> 96 | H30: =SUM(C30:G30) -> 196
A31: 30 | B31: 45199 | C31: =301.58+41.5 -> 343.08 | D31: =73.45 -> 73.45 | E31: 0 | F31: 0 | G31: =#REF! -> #REF! | H31: =SUM(C31:G31) -> #REF!

Sheet EKİM-2023
B1: Date | C1: Food | D1: Transport | E1: Rent | F1: Bills | G1: Other | H1: Daily Total | I1: Daily Avg. Food | J1: Daily Avg | K1: Food Total | L1: Trans. Total | M1: Other | N1: Total
A2: 1 | B2: 45200 | C2: =121.33+93+117 -> 331.33 | D2: 0 | E2: 0 | F2: 0 | G2: =#REF!+#REF! -> #REF! | H2: =SUM(C2:G2) -> #REF! | I2: =+AVERAGE(C2:C31) -> 66.182 | J2: =+N2/A29 -> #REF! | K2: =+SUM(C2:C31) -> 1985.46 | L2: =+SUM(D2:D31) -> 0 | M2: =+SUM(G2:G31) -> #REF! | N2: =+SUM(C2:G31) -> #REF!
A3: 2 | B3: 45201 | C3: 0 | D3: 0 | E3: 0 | F3: 0 | G3: =13.97 -> 13.97 | H3: =SUM(C3:G3) -> 13.97
A4: 3 | B4: 45202 | C4: =135+216.85 -> 351.85 | D4: 0 | E4: 0 | F4: 0 | G4: =#REF!+#REF! -> #REF! | H4: =SUM(C4:G4) -> #REF!
A5: 4 | B5: 45203 | C5: =244.36+135+55+135.16 -> 569.52 | D5: 0 | E5: 0 | F5: 0 | G5: =583.11+#REF!+167.9+#REF!+#REF! -> #REF! | H5: =SUM(C5:G5) -> #REF!
A6: 5 | B6: 45204 | C6: =73+134.34 -> 207.34 | D6: 0 | E6: 0 | F6: 0 | G6: =39 -> 39 | H6: =SUM(C6:G6) -> 246.34
A7: 6 | B7: 45205 | C7: =100 -> 100 | D7: 0 | E7: 0 | F7: 0 | G7: 0 | H7: =SUM(C7:G7) -> 100
A8: 7 | B8: 45206 | C8: =46.72+116+140 -> 302.72 | D8: 0 | E8: 0 | F8: 0 | G8: =#REF!+#REF! -> #REF! | H8: =SUM(C8:G8) -> #REF!
A9: 8 | B9: 45207 | C9: =122.7 -> 122.7 | D9: 0 | E9: 0 | F9: 0 | G9: =350+#REF! -> #REF! | H9: =SUM(C9:G9) -> #REF!
A10: 9 | B10: 45208 | C10: 0 | D10: 0 | E10: 0 | F10: 0 | G10: 0 | H10: =SUM(C10:G10) -> 0
A11: 10 | B11: 45209 | C11: 0 | D11: 0 | E11: 0 | F11: 0 | G11: 0 | H11: =SUM(C11:G11) -> 0 | J11: BORÇLAR
A12: 11 | B12: 45210 | C12: 0 | D12: 0 | E12: 0 | F12: 0 | G12: 0 | H12: =SUM(C12:G12) -> 0 | J12: Bu ay | K12: kira borç | L12: diyetisyen
A13: 12 | B13: 45211 | C13: 0 | D13: 0 | E13: 0 | F13: 0 | G13: 0 | H13: =SUM(C13:G13) -> 0 | J13: =N2 -> #REF! | K13: 1700 | L13: 700
A14: 13 | B14: 45212 | C14: 0 | D14: 0 | E14: 0 | F14: 0 | G14: 0 | H14: =SUM(C14:G14) -> 0 | J14: TOPLAM | K14: =SUM(J13:K13) -> #REF!
A15: 14 | B15: 45213 | C15: 0 | D15: 0 | E15: 0 | F15: 0 | G15: 0 | H15: =SUM(C15:G15) -> 0
A16: 15 | B16: 45214 | C16: 0 | D16: 0 | E16: 0 | F16: 0 | G16: 0 | H16: =SUM(C16:G16) -> 0
A17: 16 | B17: 45215 | C17: 0 | D17: 0 | E17: 0 | F17: 0 | G17: 0 | H17: =SUM(C17:G17) -> 0
A18: 17 | B18: 45216 | C18: 0 | D18: 0 | E18: 0 | F18: 0 | G18: 0 | H18: =SUM(C18:G18) -> 0
A19: 18 | B19: 45217 | C19: 0 | D19: 0 | E19: 0 | F19: 0 | G19: 0 | H19: =SUM(C19:G19) -> 0
A20: 19 | B20: 45218 | C20: 0 | D20: 0 | E20: 0 | F20: 0 | G20: 0 | H20: =SUM(C20:G20) -> 0
A21: 20 | B21: 45219 | C21: 0 | D21: 0 | E21: 0 | F21: 0 | G21: 0 | H21: =SUM(C21:G21) -> 0
A22: 21 | B22: 45220 | C22: 0 | D22: 0 | E22: 0 | F22: 0 | G22: 0 | H22: =SUM(C22:G22) -> 0
A23: 22 | B23: 45221 | C23: 0 | D23: 0 | E23: 0 | F23: 0 | G23: 0 | H23: =SUM(C23:G23) -> 0
A24: 23 | B24: 45222 | C24: 0 | D24: 0 | E24: 0 | F24: 0 | G24: 0 | H24: =SUM(C24:G24) -> 0
A25: 24 | B25: 45223 | C25: 0 | D25: 0 | E25: 0 | F25: 0 | G25: 0 | H25: =SUM(C25:G25) -> 0
A26: 25 | B26: 45224 | C26: 0 | D26: 0 | E26: 0 | F26: 0 | G26: 0 | H26: =SUM(C26:G26) -> 0
... A32: 31 | B32: 45230 | C32: 0 | D32: 0 | E32: 0 | F32: 0 | G32: 0 | H32: =SUM(C32:G32) -> 0

Sheet NİSAN-2023
C1: Date | D1: Food | E1: Transport | F1: Rent | G1: Bills | H1: Other | I1: Daily Avg. Food | J1: Daily Avg | K1: Food Total | L1: Trans. Total | M1: Other | N1: Total
B2: 1 | C2: 45017 | D2: =50+268+210 -> 528 | E2: 0 | F2: 0 | G2: 0 | H2: 0 | I2: =+AVERAGE(D2:D31) -> 133.95267 | J2: =+N2/B29 -> 302.93476 | K2: =+SUM(D2:D31) -> 4018.58 | L2: =+SUM(E2:E31) -> 50 | M2: =+SUM(H2:H31) -> 4251.8433 | N2: =+SUM(D2:H31) -> 8482.1733
B3: 2 | C3: 45018 | D3: =86.99+92.34 -> 179.33 | E3: 0 | F3: 0 | G3: 0 | H3: 0
B4: 3 | C4: 45019 | D4: =30 -> 30 | E4: =50 -> 50 | F4: 0 | G4: 0 | H4: =297.93 -> 297.93
B5: 4 | C5: 45020 | D5: =62.5+118.24 -> 180.74 | E5: 0 | F5: 0 | G5: 0 | H5: 0
B6: 5 | C6: 45021 | D6: 0 | E6: 0 | F6: 0 | G6: 0 | H6: =7.9+103.33 -> 111.23
B7: 6 | C7: 45022 | D7: =750 -> 750 | E7: 0 | F7: 0 | G7: =44+117.75 -> 161.75 | H7: =35+833.33 -> 868.33
B8: 7 | C8: 45023 | D8: 0 | E8: 0 | F8: 0 | G8: 0 | H8: =100+388.48+56.79+5.68+8.52 -> 559.47
B9: 8 | C9: 45024 | D9: 0 | E9: 0 | F9: 0 | G9: 0 | H9: =285.57+14.38+1.44+2.16+20 -> 323.55
B10: 9 | C10: 45025 | D10: =18.94 -> 18.94 | E10: 0 | F10: 0 | G10: 0 | H10: =64 -> 64
B11: 10 | C11: 45026 | D11: =63 -> 63 | E11: 0 | F11: 0 | G11: 0 | H11: 0 | J11: BORÇLAR
B12: 11 | C12: 45027 | D12: =32.87+134.1 -> 166.97 | E12: 0 | F12: 0 | G12: 0 | H12: =205.25+85.91 -> 291.16 | J12: Bu ay | K12: k.kartı | L12: kira borç
B13: 12 | C13: 45028 | D13: =110.99 -> 110.99 | E13: 0 | F13: 0 | G13: 0 | H13: =1000 -> 1000 | J13: =N2 -> 8482.1733 | K13: =12514.56+'MART-2023'!J13 -> 21201.617 | L13: 0
B14: 13 | C14: 45029 | D14: 0 | E14: 0 | F14: 0 | G14: 0 | H14: 0 | J14: TOPLAM | K14: =SUM(J13:L13) -> 29683.79
B15: 14 | C15: 45030 | D15: 0 | E15: 0 | F15: 0 | G15: 0 | H15: 0
B16: 15 | C16: 45031 | D16: =95.85+112.83 -> 208.68 | E16: 0 | F16: 0 | G16: 0 | H16: 0
B17: 16 | C17: 45032 | D17: =59.9 -> 59.9 | E17: 0 | F17: 0 | G17: 0 | H17: =71.99+76.5 -> 148.49
B18: 17 | C18: 45033 | D18: =97+200 -> 297 | E18: 0 | F18: 0 | G18: 0 | H18: 0
B19: 18 | C19: 45034 | D19: =30 -> 30 | E19: 0 | F19: 0 | G19: 0 | H19: 0
B20: 19 | C20: 45035 | D20: =52.96 -> 52.96 | E20: 0 | F20: 0 | G20: 0 | H20: =85/3 -> 28.333333
B21: 20 | C21: 45036 | D21: =144.82+95.75 -> 240.57 | E21: 0 | F21: 0 | G21: 0 | H21: =443.21+10.99+1.1+1.65+14.9 -> 471.85
B22: 21 | C22: 45037 | D22: =85 -> 85 | E22: 0 | F22: 0 | G22: 0 | H22: =87.5 -> 87.5
B23: 22 | C23: 45038 | D23: =169.3 -> 169.3 | E23: 0 | F23: 0 | G23: 0 | H23: 0
B24: 23 | C24: 45039 | D24: 0 | E24: 0 | F24: 0 | G24: 0 | H24: 0
B25: 24 | C25: 45040 | D25: =99.95 -> 99.95 | E25: 0 | F25: 0 | G25: 0 | H25: 0
B26: 25 | C26: 45041 | D26: =117.3+165+17.95+45.5 -> 345.75 | E26: 0 | F26: 0 | G26: 0 | H26: 0
B27: 26 | C27: 45042 | D27: =51.6+100.82+90 -> 242.42 | E27: 0 | F27: 0 | G27: 0 | H27: 0
B28: 27 | C28: 45043 | D28: =53.18+61.9+30 -> 145.08 | E28: 0 | F28: 0 | G28: 0 | H28: 0
B29: 28 | C29: 45044 | D29: =14 -> 14 | E29: 0 | F29: 0 | G29: 0 | H29: 0
B30: 29 | C30: 45045 | D30: 0 | E30: 0 | F30: 0 | G30: 0 | H30: 0
B31: 30 | C31: 45046 | D31: 0 | E31: 0 | F31: 0 | G31: 0 | H31: 0

Sheet MART-2023
C1: Date | D1: Food | E1: Transport | F1: Rent | G1: Bills | H1: Other | I1: Daily Avg. Food | J1: Daily Avg | K1: Food Total | L1: Trans. Total | M1: Other | N1: Total
B2: 1 | C2: 44986 | D2: 0 | E2: 0 | F2: 0 | G2: 0 | H2: 0 | I2: =+AVERAGE(D2:D31) -> 174.20333 | J2: =+N2/B29 -> 310.25202 | K2: =+SUM(D2:D31) -> 5226.1 | L2: =+SUM(E2:E31) -> 150 | M2: =+SUM(H2:H31) -> 3148.9567 | N2: =+SUM(D2:H31) -> 8687.0567
B3: 2 | C3: 44987 | D3: =70+113.5 -> 183.5 | E3: =100 -> 100 | F3: 0 | G3: 0 | H3: =6.49 -> 6.49
B4: 3 | C4: 44988 | D4: =217+189.94 -> 406.94 | E4: 0 | F4: 0 | G4: 0 | H4: =82.99 -> 82.99
B5: 4 | C5: 44989 | D5: 0 | E5: 0 | F5: 0 | G5: 0 | H5: 0
B6: 5 | C6: 44990 | D6: =42.65+121.63 -> 164.28 | E6: 0 | F6: 0 | G6: 0 | H6: =103.33+7.9 -> 111.23
B7: 6 | C7: 44991 | D7: =94.5+14+54.62 -> 163.12 | E7: 0 | F7: 0 | G7: 0 | H7: =833.33 -> 833.33
B8: 7 | C8: 44992 | D8: =136.42+90+199.8 -> 426.22 | E8: 0 | F8: 0 | G8: 0 | H8: =382.6+71.75+7.17+10.76 -> 472.28
B9: 8 | C9: 44993 | D9: =36.5 -> 36.5 | E9: 0 | F9: 0 | G9: 0 | H9: =281.25+17.84+1.78+2.68 -> 303.55
B10: 9 | C10: 44994 | D10: 0 | E10: 0 | F10: 0 | G10: =118+44 -> 162 | H10: 0
B11: 10 | C11: 44995 | D11: 0 | E11: 0 | F11: 0 | G11: 0 | H11: 0 | J11: BORÇLAR
B12: 11 | C12: 44996 | D12: =109 -> 109 | E12: 0 | F12: 0 | G12: 0 | H12: =85.91 -> 85.91 | J12: Bu ay | K12: k.kartı | L12: kira borç
B13: 12 | C13: 44997 | D13: =96.27 -> 96.27 | E13: 0 | F13: 0 | G13: 0 | H13: 0 | J13: =N2 -> 8687.0567 | K13: =12514.56 -> 12514.56 | L13: =-100 -> -100
B14: 13 | C14: 44998 | D14: =349.99+169.85 -> 519.84 | E14: 0 | F14: 0 | G14: 0 | H14: 0 | J14: TOPLAM | K14: =SUM(J13:L13) -> 21101.617
B15: 14 | C15: 44999 | D15: =128.99 -> 128.99 | E15: 0 | F15: 0 | G15: 0 | H15: 0
B16: 15 | C16: 45000 | D16: =43+119.89 -> 162.89 | E16: 0 | F16: 0 | G16: 0 | H16: 0
B17: 16 | C17: 45001 | D17: =72+14 -> 86 | E17: 0 | F17: 0 | G17: 0 | H17: =76.5+72.02+333.74 -> 482.26
B18: 17 | C18: 45002 | D18: =52.36 -> 52.36 | E18: 0 | F18: 0 | G18: 0 | H18: =125/3 -> 41.666667
B19: 18 | C19: 45003 | D19: =235+7+163.94+49.4 -> 455.34 | E19: =50 -> 50 | F19: 0 | G19: 0 | H19: 0
B20: 19 | C20: 45004 | D20: 0 | E20: 0 | F20: 0 | G20: 0 | H20: 0
B21: 20 | C21: 45005 | D21: =269.76+23 -> 292.76 | E21: 0 | F21: 0 | G21: 0 | H21: =60+456.95 -> 516.95
B22: 21 | C22: 45006 | D22: 0 | E22: 0 | F22: 0 | G22: 0 | H22: =9.9+87.5 -> 97.4
B23: 22 | C23: 45007 | D23: =87.9 -> 87.9 | E23: 0 | F23: 0 | G23: 0 | H23: 0
B24: 23 | C24: 45008 | D24: =131 -> 131 | E24: 0 | F24: 0 | G24: 0 | H24: =24.5 -> 24.5
B25: 24 | C25: 45009 | D25: =44.95+200 -> 244.95 | E25: 0 | F25: 0 | G25: 0 | H25: 0
B26: 25 | C26: 45010 | D26: =248+124.85+30+104.91+41 -> 548.76 | E26: 0 | F26: 0 | G26: 0 | H26: 0
B27: 26 | C27: 45011 | D27: =76.78+37.65+21.5 -> 135.93 | E27: 0 | F27: 0 | G27: 0 | H27: 0
B28: 27 | C28: 45012 | D28: 0 | E28: 0 | F28: 0 | G28: 0 | H28: =90.4 -> 90.4
B29: 28 | C29: 45013 | D29: =14+116.12 -> 130.12 | E29: 0 | F29: 0 | G29: 0 | H29: 0
B30: 29 | C30: 45014 | D30: =113.2+162.5 -> 275.7 | E30: 0 | F30: 0 | G30: 0 | H30: 0
B31: 30 | C31: 45015 | D31: =94.69+117.7+76.35+98.99 -> 387.73 | E31: 0 | F31: 0 | G31: 0 | H31: 0
B32: 31 | C32: 45016 | D32: =180+72 -> 252 | E32: 0 | F32: 0 | G32: 0 | H32: 0

Sheet ŞUBAT-2023
C1: Date | D1: Food | E1: Transport | F1: Rent | G1: Bills | H1: Other | I1: Daily Avg. Food | J1: Daily Avg | K1: Food Total | L1: Trans. Total | M1: Other | N1: Total
B2: 1 | C2: 44958 | D2: =172+5.42+0.54+0.81+69.45+40+92.99 -> 381.21 | E2: 0 | F2: 0 | G2: 0 | H2: =8.8+13.2+78.99+5+3.99 -> 109.98 | I2: =+AVERAGE(D2:D31) -> 111.70786 | J2: =+N2/B29 -> 231.87452 | K2: =+SUM(D2:D31) -> 3127.82 | L2: =+SUM(E2:E31) -> 0 | M2: =+SUM(H2:H31) -> 1765 | N2: =+SUM(D2:H31) -> 6492.4867
B3: 2 | C3: 44959 | D3: =27.5+172 -> 199.5 | E3: 0 | F3: 0 | G3: =139 -> 139 | H3: =14.75+6.49 -> 21.24
B4: 3 | C4: 44960 | D4: 0 | E4: 0 | F4: 0 | G4: 0 | H4: 0
B5: 4 | C5: 44961 | D5: =17+12.5+111.7+29 -> 170.2 | E5: 0 | F5: 0 | G5: 0 | H5: 0
B6: 5 | C6: 44962 | D6: =62.64+50.33+73.48 -> 186.45 | E6: 0 | F6: 0 | G6: 0 | H6: =7.9+103.33 -> 111.23
B7: 6 | C7: 44963 | D7: 0 | E7: 0 | F7: 0 | G7: 0 | H7: 0
B8: 7 | C8: 44964 | D8: =94.37 -> 94.37 | E8: 0 | F8: 0 | G8: 0 | H8: 0
B9: 8 | C9: 44965 | D9: =9.75+49.51 -> 59.26 | E9: 0 | F9: 0 | G9: 0 | H9: =3.19+2.12+21.24+277 -> 303.55
B10: 9 | C10: 44966 | D10: =179.14 -> 179.14 | E10: 0 | F10: 0 | G10: 0 | H10: 0
B11: 10 | C11: 44967 | D11: =287 -> 287 | E11: 0 | F11: 0 | G11: 0 | H11: 0 | J11: BORÇLAR
B12: 11 | C12: 44968 | D12: =68+29 -> 97 | E12: 0 | F12: 0 | G12: 0 | H12: =85.91 -> 85.91 | J12: ismail | K12: k.kartı | L12: kira borç
B13: 12 | C13: 44969 | D13: 0 | E13: 0 | F13: 0 | G13: 0 | H13: 0 | J13: =4500 -> 4500 | K13: =7600 -> 7600 | L13: =0 -> 0
B14: 13 | C14: 44970 | D14: =41.5 -> 41.5 | E14: 0 | F14: 0 | G14: 0 | H14: =122.5+140 -> 262.5 | J14: TOPLAM | K14: =SUM(J13:L13) -> 12100
B15: 14 | C15: 44971 | D15: =140 -> 140 | E15: 0 | F15: =600 -> 600 | G15: =2450/3+44 -> 860.66667 | H15: 0
B16: 15 | C16: 44972 | D16: =157.42 -> 157.42 | E16: 0 | F16: 0 | G16: 0 | H16: 0
B17: 16 | C17: 44973 | D17: =5.25+32+168.53 -> 205.78 | E17: 0 | F17: 0 | G17: 0 | H17: =7.5+333.74 -> 341.24
B18: 17 | C18: 44974 | D18: 0 | E18: 0 | F18: 0 | G18: 0 | H18: 0
B19: 18 | C19: 44975 | D19: =77.48+27.16 -> 104.64 | E19: 0 | F19: 0 | G19: 0 | H19: 0
B20: 19 | C20: 44976 | D20: 0 | E20: 0 | F20: 0 | G20: 0 | H20: =9.9 -> 9.9
B21: 20 | C21: 44977 | D21: =26.5 -> 26.5 | E21: 0 | F21: 0 | G21: 0 | H21: =3.25+2.16+21.64+429.9 -> 456.95
B22: 21 | C22: 44978 | D22: =87+106.04 -> 193.04 | E22: 0 | F22: 0 | G22: 0 | H22: 0
B23: 22 | C23: 44979 | D23: =143.99 -> 143.99 | E23: 0 | F23: 0 | G23: 0 | H23: 0
B24: 23 | C24: 44980 | D24: =102.6 -> 102.6 | E24: 0 | F24: 0 | G24: 0 | H24: 0
B25: 24 | C25: 44981 | D25: =18.5+30.08 -> 48.58 | E25: 0 | F25: 0 | G25: 0 | H25: 0
B26: 25 | C26: 44982 | D26: =30.85+123.64+25.44 -> 179.93 | E26: 0 | F26: 0 | G26: 0 | H26: 0
B27: 26 | C27: 44983 | D27: 0 | E27: 0 | F27: 0 | G27: 0 | H27: 0
B28: 27 | C28: 44984 | D28: 0 | E28: 0 | F28: 0 | G28: 0 | H28: 0
B29: 28 | C29: 44985 | D29: =129.71 -> 129.71 | E29: 0 | F29: 0 | G29: 0 | H29: =62.5 -> 62.5

Sheet OCAK-2023
C1: Date | D1: Food | E1: Transport | F1: Rent | G1: Bills | H1: Other | I1: Daily Avg. Food | J1: Daily Avg | K1: Food Total | L1: Trans. Total | M1: Other | N1: Total
B2: 1 | C2: 44927 | D2: =73.22 -> 73.22 | E2: =20 -> 20 | F2: 0 | G2: 0 | H2: 0 | I2: =+AVERAGE(D2:D31) -> 141.28033 | J2: =+N2/B31 -> 244.42933 | K2: =+SUM(D2:D31) -> 4238.41 | L2: =+SUM(E2:E31) -> 573.99 | M2: =+SUM(H2:H31) -> 2363.98 | N2: =+SUM(D2:H31) -> 7332.88
B3: 2 | C3: 44928 | D3: =102.15+41 -> 143.15 | E3: 0 | F3: 0 | G3: 0 | H3: =6.74 -> 6.74
B4: 3 | C4: 44929 | D4: =11.5+17.95+12.52 -> 41.97 | E4: 0 | F4: 0 | G4: 0 | H4: 0
B5: 4 | C5: 44930 | D5: =12+104 -> 116 | E5: 0 | F5: 0 | G5: 0 | H5: 0 | R5: kira düş
B6: 5 | C6: 44931 | D6: =13.81+142+42+71.2 -> 269.01 | E6: 0 | F6: 0 | G6: =112.5 -> 112.5 | H6: =7.9+103.33 -> 111.23 | R6: =44-2017/3-600+100+500 -> -628.33333
B7: 6 | C7: 44932 | D7: =277 -> 277 | E7: 0 | F7: 0 | G7: 0 | H7: 0
B8: 7 | C8: 44933 | D8: 0 | E8: 0 | F8: 0 | G8: 0 | H8: 0
B9: 8 | C9: 44934 | D9: =69.9+18.75 -> 88.65 | E9: 0 | F9: 0 | G9: 0 | H9: =510+272.8+27.88+2.79+4.18 -> 817.65
B10: 9 | C10: 44935 | D10: =97+10.99 -> 107.99 | E10: 0 | F10: 0 | G10: 0 | H10: 0
B11: 10 | C11: 44936 | D11: =29.68+81.2+82.92+3 -> 196.8 | E11: 0 | F11: 0 | G11: 0 | H11: 0
B12: 11 | C12: 44937 | D12: =108+117.24+200 -> 425.24 | E12: =30 -> 30 | F12: 0 | G12: 0 | H12: =60.42+130+85.91 -> 276.33
B13: 12 | C13: 44938 | D13: =91.25+187.14 -> 278.39 | E13: 0 | F13: 0 | G13: 0 | H13: 0
B14: 13 | C14: 44939 | D14: =41 -> 41 | E14: 0 | F14: 0 | G14: 0 | H14: 0
B15: 14 | C15: 44940 | D15: =3 -> 3 | E15: 0 | F15: 0 | G15: 0 | H15: 0
B16: 15 | C16: 44941 | D16: =9.75 -> 9.75 | E16: 0 | F16: 0 | G16: 0 | H16: 0
B17: 16 | C17: 44942 | D17: =21.69+159 -> 180.69 | E17: 0 | F17: 0 | G17: 0 | H17: =333.76+120.6 -> 454.36
B18: 17 | C18: 44943 | D18: =33.95 -> 33.95 | E18: 0 | F18: 0 | G18: 0 | H18: 0
B19: 18 | C19: 44944 | D19: =78.2+17 -> 95.2 | E19: 0 | F19: 0 | G19: =44 -> 44 | H19: =59.99 -> 59.99
B20: 19 | C20: 44945 | D20: =79.56+118+59+5 -> 261.56 | E20: 0 | F20: 0 | G20: 0 | H20: =108.33 -> 108.33
B21: 20 | C21: 44946 | D21: =39.46+110.44 -> 149.9 | E21: =211 -> 211 | F21: 0 | G21: 0 | H21: =423.38+26.85+2.69+4.03+9.9 -> 466.85
B22: 21 | C22: 44947 | D22: =36.5 -> 36.5 | E22: 0 | F22: 0 | G22: 0 | H22: 0
B23: 22 | C23: 44948 | D23: 0 | E23: 0 | F23: 0 | G23: 0 | H23: 0
B24: 23 | C24: 44949 | D24: =64.5+26.85+29 -> 120.35 | E24: 0 | F24: 0 | G24: 0 | H24: 0
B25: 24 | C25: 44950 | D25: =26.5 -> 26.5 | E25: 0 | F25: 0 | G25: 0 | H25: 0
B26: 25 | C26: 44951 | D26: =214.35+156+8.5+173 -> 551.85 | E26: =50+51.99 -> 101.99 | F26: 0 | G26: 0 | H26: 0
B27: 26 | C27: 44952 | D27: =71.77 -> 71.77 | E27: =211 -> 211 | F27: 0 | G27: 0 | H27: 0
B28: 27 | C28: 44953 | D28: =147.4+100 -> 247.4 | E28: 0 | F28: 0 | G28: 0 | H28: 0
B29: 28 | C29: 44954 | D29: =100+2.5 -> 102.5 | E29: 0 | F29: 0 | G29: 0 | H29: =62.5 -> 62.5
B30: 29 | C30: 44955 | D30: =143+91 -> 234 | E30: 0 | F30: 0 | G30: 0 | H30: 0
B31: 30 | C31: 44956 | D31: =55.07 -> 55.07 | E31: 0 | F31: 0 | G31: 0 | H31: 0
B32: 31 | C32: 44957 | D32: 0 | E32: 0 | F32: 0 | G32: 0 | H32: 0

Sheet ARALIK-2022
C1: Date | D1: Food | E1: Transport | F1: Rent | G1: Bills | H1: Other | I1: Daily Avg. Food | J1: Daily Avg | K1: Food Total | L1: Trans. Total | M1: Other | N1: Total
B2: 1 | C2: 44896 | D2: 0 | E2: 0 | F2: 0 | G2: 0 | H2: 0 | I2: =+AVERAGE(D2:D31) -> 102.25233 | J2: =+N2/B31 -> 149.10833 | K2: =+SUM(D2:D31) -> 3067.57 | L2: =+SUM(E2:E31) -> 52.95 | M2: =+SUM(H2:H31) -> 1238.73 | N2: =+SUM(D2:H31) -> 4473.25
B3: 2 | C3: 44897 | D3: =15+27+64.9 -> 106.9 | E3: 0 | F3: 0 | G3: 70 | H3: =92 -> 92
B4: 3 | C4: 44898 | D4: =31.5+154 -> 185.5 | E4: 0 | F4: 0 | G4: 0 | H4: 0
B5: 4 | C5: 44899 | D5: =38 -> 38 | E5: =27.95 -> 27.95 | F5: 0 | G5: 0 | H5: 0 | R5: kira düş
B6: 5 | C6: 44900 | D6: =75.4 -> 75.4 | E6: 0 | F6: 0 | G6: 0 | H6: =7.9+103.33 -> 111.23
B7: 6 | C7: 44901 | D7: =33.8+71.3 -> 105.1 | E7: 0 | F7: 0 | G7: 0 | H7: =5 -> 5
B8: 7 | C8: 44902 | D8: 0 | E8: 0 | F8: 0 | G8: 0 | H8: 0
B9: 8 | C9: 44903 | D9: =20.5+49.85+76.5+133 -> 279.85 | E9: =25 -> 25 | F9: 0 | G9: 0 | H9: 0 | R9: İlgim Verildi | S9: Kalan
B10: 9 | C10: 44904 | D10: =45.9 -> 45.9 | E10: 0 | F10: 0 | G10: 0 | H10: 0 | R10: =2000+360+275+120+3450+700+1650+3800+45+250+1500+2350+1300 -> 17800 | S10: =18500-R10 -> 700
B11: 10 | C11: 44905 | D11: 0 | E11: 0 | F11: 0 | G11: 0 | H11: 0
B12: 11 | C12: 44906 | D12: =41.87 -> 41.87 | E12: 0 | F12: 0 | G12: 0 | H12: =3.06+85.92 -> 88.98
B13: 12 | C13: 44907 | D13: =36.5+14.5 -> 51 | E13: 0 | F13: 0 | G13: 0 | H13: 0
B14: 13 | C14: 44908 | D14: =54+55.5+65.07+45.8 -> 220.37 | E14: 0 | F14: 0 | G14: 0 | H14: 0
B15: 14 | C15: 44909 | D15: =76.65 -> 76.65 | E15: 0 | F15: 0 | G15: 0 | H15: 0
B16: 15 | C16: 44910 | D16: =350 -> 350 | E16: 0 | F16: 0 | G16: 0 | H16: 0
B17: 16 | C17: 44911 | D17: =33.5+39.75+45.85 -> 119.1 | E17: 0 | F17: 0 | G17: 0 | H17: =55.5 -> 55.5
B18: 17 | C18: 44912 | D18: =72.9 -> 72.9 | E18: 0 | F18: 0 | G18: 0 | H18: 0
B19: 18 | C19: 44913 | D19: =118.5 -> 118.5 | E19: 0 | F19: 0 | G19: 0 | H19: 0
B20: 19 | C20: 44914 | D20: =21.5+127.9+165.26 -> 314.66 | E20: 0 | F20: 0 | G20: =44 -> 44 | H20: =60+108.33 -> 168.33
B21: 20 | C21: 44915 | D21: =70.5 -> 70.5 | E21: 0 | F21: 0 | G21: 0 | H21: =416.98+23.45+2.35+3.52 -> 446.3
B22: 21 | C22: 44916 | D22: =55.69 -> 55.69 | E22: 0 | F22: 0 | G22: 0 | H22: =9.9+149 -> 158.9
B23: 22 | C23: 44917 | D23: 0 | E23: 0 | F23: 0 | G23: 0 | H23: 0
B24: 23 | C24: 44918 | D24: =70.5 -> 70.5 | E24: 0 | F24: 0 | G24: 0 | H24: 0
B25: 24 | C25: 44919 | D25: =3+18.8+41+209+24 -> 295.8 | E25: 0 | F25: 0 | G25: 0 | H25: 0
B26: 25 | C26: 44920 | D26: 0 | E26: 0 | F26: 0 | G26: 0 | H26: =49.99 -> 49.99
B27: 26 | C27: 44921 | D27: =15.5+26.5+12.75 -> 54.75 | E27: 0 | F27: 0 | G27: 0 | H27: 0
B28: 27 | C28: 44922 | D28: =39.8+70.9 -> 110.7 | E28: 0 | F28: 0 | G28: 0 | H28: 0
B29: 28 | C29: 44923 | D29: =87.87+20.06 -> 107.93 | E29: 0 | F29: 0 | G29: 0 | H29: =62.5 -> 62.5
B30: 29 | C30: 44924 | D30: =21.5 -> 21.5 | E30: 0 | F30: 0 | G30: 0 | H30: 0
B31: 30 | C31: 44925 | D31: =78.5 -> 78.5 | E31: 0 | F31: 0 | G31: 0 | H31: 0
B32: 31 | C32: 44926 | D32: 0 | E32: 0 | F32: 0 | G32: 0 | H32: 0

Sheet KASIM-2022
C1: Date | D1: Food | E1: Transport | F1: Rent | G1: Bills | H1: Other | I1: Daily Avg. Food | J1: Daily Avg | K1: Food Total | L1: Trans. Total | M1: Other | N1: Total
B2: 1 | C2: 44866 | D2: 0 | E2: 0 | F2: 0 | G2: 0 | H2: 0 | I2: =+AVERAGE(D2:D31) -> 109.40067 | J2: =+N2/B31 -> 159.92233 | K2: =+SUM(D2:D31) -> 3282.02 | L2: =+SUM(E2:E31) -> 0 | M2: =+SUM(H2:H31) -> 1404.15 | N2: =+SUM(D2:H31) -> 4797.67
B3: 2 | C3: 44867 | D3: =81.15+20.45 -> 101.6 | E3: 0 | F3: 0 | G3: =67.5 -> 67.5 | H3: =206.5 -> 206.5
B4: 3 | C4: 44868 | D4: 0 | E4: 0 | F4: 0 | G4: 0 | H4: =103.33 -> 103.33
B5: 4 | C5: 44869 | D5: =31.31 -> 31.31 | E5: 0 | F5: 0 | G5: 0 | H5: 0 | R5: kira düş
B6: 5 | C6: 44870 | D6: =18.59+52.99 -> 71.58 | E6: 0 | F6: 0 | G6: 0 | H6: =7.9+103.35 -> 111.25 | R6: =44+30 -> 74
B7: 6 | C7: 44871 | D7: =33.91+60.5 -> 94.41 | E7: 0 | F7: 0 | G7: 0 | H7: 0
B8: 7 | C8: 44872 | D8: =61.31+6.48+139.64+23.57 -> 231 | E8: 0 | F8: 0 | G8: =44 -> 44 | H8: =144.98 -> 144.98
B9: 8 | C9: 44873 | D9: =56.75+19.9 -> 76.65 | E9: 0 | F9: 0 | G9: 0 | H9: 0 | R9: İlgim Verildi | S9: Kalan
B10: 9 | C10: 44874 | D10: =21.96 -> 21.96 | E10: 0 | F10: 0 | G10: 0 | H10: 0 | R10: =2000+360+275+120+3450+700+1650+3800+45+250+1500+2350 -> 16500 | S10: =18500-R10 -> 2000
B11: 10 | C11: 44875 | D11: =8+149.9+27 -> 184.9 | E11: 0 | F11: 0 | G11: 0 | H11: 0
B12: 11 | C12: 44876 | D12: =67.5+35.65 -> 103.15 | E12: 0 | F12: 0 | G12: 0 | H12: =49.99+80.77 -> 130.76
B13: 12 | C13: 44877 | D13: 0 | E13: 0 | F13: 0 | G13: 0 | H13: 0
B14: 13 | C14: 44878 | D14: =152+15.5 -> 167.5 | E14: 0 | F14: 0 | G14: 0 | H14: 0
B15: 14 | C15: 44879 | D15: =35 -> 35 | E15: 0 | F15: 0 | G15: 0 | H15: =63 -> 63
B16: 15 | C16: 44880 | D16: 0 | E16: 0 | F16: 0 | G16: 0 | H16: 0
B17: 16 | C17: 44881 | D17: =37.9+263.6+103.4 -> 404.9 | E17: 0 | F17: 0 | G17: 0 | H17: 29
B18: 17 | C18: 44882 | D18: =25+113.25 -> 138.25 | E18: 0 | F18: 0 | G18: 0 | H18: 68.98
B19: 18 | C19: 44883 | D19: 0 | E19: 0 | F19: 0 | G19: 0 | H19: 0
B20: 19 | C20: 44884 | D20: =25.75 -> 25.75 | E20: 0 | F20: 0 | G20: 0 | H20: =108.34 -> 108.34
B21: 20 | C21: 44885 | D21: =62.5+58+12.92 -> 133.42 | E21: 0 | F21: 0 | G21: 0 | H21: =11 -> 11
B22: 21 | C22: 44886 | D22: =21.81+16.5+108.8 -> 147.11 | E22: 0 | F22: 0 | G22: 0 | H22: =49.99+129.9 -> 179.89
B23: 22 | C23: 44887 | D23: 0 | E23: 0 | F23: 0 | G23: 0 | H23: =17.7 -> 17.7
B24: 23 | C24: 44888 | D24: =58 -> 58 | E24: 0 | F24: 0 | G24: 0 | H24: 0
B25: 24 | C25: 44889 | D25: =21.5+24.5 -> 46 | E25: 0 | F25: 0 | G25: 0 | H25: 0
B26: 25 | C26: 44890 | D26: =128+85.5 -> 213.5 | E26: 0 | F26: 0 | G26: 0 | H26: 0
B27: 26 | C27: 44891 | D27: =11.5+221 -> 232.5 | E27: 0 | F27: 0 | G27: 0 | H27: 0
B28: 27 | C28: 44892 | D28: =99+140+48.75 -> 287.75 | E28: 0 | F28: 0 | G28: 0 | H28: 0
B29: 28 | C29: 44893 | D29: =38.5+172+48 -> 258.5 | E29: 0 | F29: 0 | G29: 0 | H29: =24 -> 24
B30: 29 | C30: 44894 | D30: =28.03 -> 28.03 | E30: 0 | F30: 0 | G30: 0 | H30: 0
B31: 30 | C31: 44895 | D31: =48+141.25 -> 189.25 | E31: 0 | F31: 0 | G31: 0 | H31: =205.42 -> 205.42

Sheet EKİM-2022
D1: Date | E1: Food | F1: Market | G1: Transport | H1: Rent | I1: Bills | J1: Other | K1: Daily Avg. Food | L1: Daily Avg | M1: Food Total | N1: Trans. Total | O1: Other | P1: Total
C2: 1 | D2: 44835 | E2: =720+225 -> 945 | F2: 0 | G2: 0 | H2: 0 | I2: 0 | J2: 0 | K2: =+AVERAGE(E2:E31) -> 168.18 | L2: =+P2/C31 -> 225.62667 | M2: =+SUM(E2:E31) -> 5045.4 | N2: =+SUM(G2:G31) -> 0 | O2: =+SUM(J2:J31) -> 1504.15 | P2: =+SUM(E2:J31) -> 6768.8
C3: 2 | D3: 44836 | E3: =190+206.5+290+24 -> 710.5 | F3: 0 | G3: 0 | H3: 0 | I3: 0 | J3: 0
C4: 3 | D4: 44837 | E4: 0 | F4: 0 | G4: 0 | H4: 0 | I4: =67.25 -> 67.25 | J4: =103.33 -> 103.33
C5: 4 | D5: 44838 | E5: =154.25+40.5 -> 194.75 | F5: 0 | G5: 0 | H5: 0 | I5: 0 | J5: 0 | T5: kira düş
C6: 5 | D6: 44839 | E6: =51.7+7.36 -> 59.06 | F6: 0 | G6: 0 | H6: 0 | I6: 0 | J6: =7.9 -> 7.9 | T6: =-45 -> -45
C7: 6 | D7: 44840 | E7: =22.25+61+250 -> 333.25 | F7: 0 | G7: 0 | H7: 0 | I7: 0 | J7: 0
C8: 7 | D8: 44841 | E8: =101.76+86 -> 187.76 | F8: 0 | G8: 0 | H8: 0 | I8: 0 | J8: 0
C9: 8 | D9: 44842 | E9: =155+90+61.22 -> 306.22 | F9: 0 | G9: 0 | H9: 0 | I9: 0 | J9: 0 | T9: İlgim Verildi | U9: Kalan
C10: 9 | D10: 44843 | E10: =94.8 -> 94.8 | F10: 0 | G10: 0 | H10: 0 | I10: 0 | J10: 0 | T10: =2000+360+275+120+3450 -> 6205 | U10: =18500-T10 -> 12295
C11: 10 | D11: 44844 | E11: =103.54+15.77+23.75+13.5 -> 156.56 | F11: 0 | G11: 0 | H11: 0 | I11: 0 | J11: =7.5 -> 7.5
C12: 11 | D12: 44845 | E12: =36.5+80+9.75+14.51 -> 140.76 | F12: 0 | G12: 0 | H12: 0 | I12: 0 | J12: 0
C13: 12 | D13: 44846 | E13: =78.73+83.87+19.58+29 -> 211.18 | F13: 0 | G13: 0 | H13: 0 | I13: 0 | J13: 0
C14: 13 | D14: 44847 | E14: 0 | F14: 0 | G14: 0 | H14: 0 | I14: 0 | J14: 0
C15: 14 | D15: 44848 | E15: =47.95+84.81 -> 132.76 | F15: 0 | G15: 0 | H15: 0 | I15: 0 | J15: 0
C16: 15 | D16: 44849 | E16: =6+98+56.45+59.25 -> 219.7 | F16: 0 | G16: 0 | H16: 0 | I16: 0 | J16: 0
C17: 16 | D17: 44850 | E17: =24+79.04+74 -> 177.04 | F17: 0 | G17: 0 | H17: 0 | I17: =44 -> 44 | J17: =131.8 -> 131.8
C18: 17 | D18: 44851 | E18: =12 -> 12 | F18: 0 | G18: 0 | H18: 0 | I18: 0 | J18: 0
C19: 18 | D19: 44852 | E19: =44.16+27.75 -> 71.91 | F19: =108 -> 108 | G19: 0 | H19: 0 | I19: 0 | J19: 0
C20: 19 | D20: 44853 | E20: =26.5+51 -> 77.5 | F20: 0 | G20: 0 | H20: 0 | I20: 0 | J20: =108.07 -> 108.07
C21: 20 | D21: 44854 | E21: =31.5 -> 31.5 | F21: 0 | G21: 0 | H21: 0 | I21: 0 | J21: 0
C22: 21 | D22: 44855 | E22: =53+20.85+13.5 -> 87.35 | F22: 0 | G22: 0 | H22: 0 | I22: 0 | J22: 0
C23: 22 | D23: 44856 | E23: =33.5+39.75 -> 73.25 | F23: 0 | G23: 0 | H23: 0 | I23: 0 | J23: =101 -> 101
C24: 23 | D24: 44857 | E24: =154+119.74+39.17 -> 312.91 | F24: 0 | G24: 0 | H24: 0 | I24: 0 | J24: =109.9 -> 109.9
C25: 24 | D25: 44858 | E25: =15.16+59.46 -> 74.62 | F25: 0 | G25: 0 | H25: 0 | I25: 0 | J25: 0
C26: 25 | D26: 44859 | E26: =17.75+63.2 -> 80.95 | F26: 0 | G26: 0 | H26: 0 | I26: 0 | J26: 0
C27: 26 | D27: 44860 | E27: 0 | F27: 0 | G27: 0 | H27: 0 | I27: 0 | J27: 0
C28: 27 | D28: 44861 | E28: =26.59 -> 26.59 | F28: 0 | G28: 0 | H28: 0 | I28: 0 | J28: 0
C29: 28 | D29: 44862 | E29: =49.1+36.5 -> 85.6 | F29: 0 | G29: 0 | H29: 0 | I29: 0 | J29: 0
C30: 29 | D30: 44863 | E30: =17.5+72.25+58.2 -> 147.95 | F30: 0 | G30: 0 | H30: 0 | I30: 0 | J30: =934.65 -> 934.65
C31: 30 | D31: 44864 | E31: =10.08+40.95+33+9.9 -> 93.93 | F31: 0 | G31: 0 | H31: 0 | I31: 0 | J31: 0
C32: 31 | D32: 44865 | E32: =35.25 -> 35.25 | F32: 0 | G32: 0 | H32: 0 | I32: 0 | J32: =100 -> 100

Sheet EYLÜL-2022
C1: Date | D1: Food | E1: Transport | F1: Rent | G1: Bills | H1: Other | I1: Daily Avg. Food | J1: Daily Avg | K1: Food Total | L1: Trans. Total | M1: Other | N1: Total
B2: 1 | C2: 44805 | D2: =33.8+77+32 -> 142.8 | E2: 0 | F2: 0 | G2: 0 | H2: 350 | I2: =+AVERAGE(D2:D31) -> 164.979 | J2: =+N2/B31 -> 214.02367 | K2: =+SUM(D2:D31) -> 4949.37 | L2: =+SUM(E2:E31) -> 90 | M2: =+SUM(H2:H31) -> 1338.34 | N2: =+SUM(D2:H31) -> 6420.71
B3: 2 | C3: 44806 | D3: =52.07+14.95 -> 67.02 | E3: 0 | F3: 0 | G3: 0 | H3: 75
B4: 3 | C4: 44807 | D4: 70.33 | E4: 30 | F4: 0 | G4: 0 | H4: 103.34
B5: 4 | C5: 44808 | D5: =12.5+82+33 -> 127.5 | E5: 0 | F5: 0 | G5: 0 | H5: 12.5
B6: 5 | C6: 44809 | D6: 39.25 | E6: 0 | F6: 0 | G6: 0 | H6: 7.9
B7: 6 | C7: 44810 | D7: 0 | E7: 0 | F7: 0 | G7: 0 | H7: 81
B8: 7 | C8: 44811 | D8: =319+33.15+123.95+19.67+66.98+14.5 -> 577.25 | E8: 0 | F8: 0 | G8: 0 | H8: 0
B9: 8 | C9: 44812 | D9: =43+126.08 -> 169.08 | E9: 0 | F9: 0 | G9: 0 | H9: 0
B10: 9 | C10: 44813 | D10: =40.8+41.7+24.4+11.78 -> 118.68 | E10: 0 | F10: 0 | G10: 0 | H10: 0
B11: 10 | C11: 44814 | D11: 31.5 | E11: 0 | F11: 0 | G11: 0 | H11: 0
B12: 11 | C12: 44815 | D12: 42.5 | E12: 60 | F12: 0 | G12: 0 | H12: 0 | T12: kiradan düş
B13: 12 | C13: 44816 | D13: =29.15+44.1 -> 73.25 | E13: 0 | F13: 0 | G13: 0 | H13: 0 | T13: 45
B14: 13 | C14: 44817 | D14: =86.02+139.98 -> 226 | E14: 0 | F14: 0 | G14: 0 | H14: 140
B15: 14 | C15: 44818 | D15: 12 | E15: 0 | F15: 0 | G15: 0 | H15: 0
B16: 15 | C16: 44819 | D16: =85+12 -> 97 | E16: 0 | F16: 0 | G16: 0 | H16: 0
B17: 16 | C17: 44820 | D17: =18+12 -> 30 | E17: 0 | F17: 0 | G17: 43 | H17: =83.6+225+200 -> 508.6
B18: 17 | C18: 44821 | D18: =53.3+18.85 -> 72.15 | E18: 0 | F18: 0 | G18: 0 | H18: 0
B19: 18 | C19: 44822 | D19: =37.5+28.25 -> 65.75 | E19: 0 | F19: 0 | G19: 0 | H19: 0
B20: 19 | C20: 44823 | D20: =24+289.14+39.9+3 -> 356.04 | E20: 0 | F20: 0 | G20: 0 | H20: 0
B21: 20 | C21: 44824 | D21: 41 | E21: 0 | F21: 0 | G21: 0 | H21: 0
B22: 21 | C22: 44825 | D22: 24.96 | E22: 0 | F22: 0 | G22: 0 | H22: 0
B23: 22 | C23: 44826 | D23: 85.53 | E23: 0 | F23: 0 | G23: 0 | H23: 0
B24: 23 | C24: 44827 | D24: 11.5 | E24: 0 | F24: 0 | G24: 0 | H24: 0
B25: 24 | C25: 44828 | D25: =38+45.31 -> 83.31 | E25: 0 | F25: 0 | G25: 0 | H25: 0
B26: 25 | C26: 44829 | D26: 21.95 | E26: 0 | F26: 0 | G26: 0 | H26: 0
B27: 26 | C27: 44830 | D27: =5.15+33 -> 38.15 | E27: 0 | F27: 0 | G27: 0 | H27: 0
B28: 27 | C28: 44831 | D28: 274.28 | E28: 0 | F28: 0 | G28: 0 | H28: 0
B29: 28 | C29: 44832 | D29: =1210.74+81.85 -> 1292.59 | E29: 0 | F29: 0 | G29: 0 | H29: 60
B30: 29 | C30: 44833 | D30: =60+28 -> 88 | E30: 0 | F30: 0 | G30: 0 | H30: 0
B31: 30 | C31: 44834 | D31: =170+500 -> 670 | E31: 0 | F31: 0 | G31: 0 | H31: 0

Sheet AĞUSTOS-2022
B1: Date | C1: Food | D1: Transportation | E1: Rent | F1: Bills | G1: Other | H1: Daily Avg. F&T | I1: Daily Avg | J1: Food Total | K1: Trans. Total | L1: Other | M1: Total
A2: 1 | B2: 44774 | C2: 0 | D2: 0 | E2: 0 | F2: 0 | G2: 0 | H2: =+(J2+K2)/A32 -> 67.709355 | I2: =+M2/A32 -> 112.32806 | J2: =+SUM(C2:C32) -> 2098.99 | K2: =+SUM(D2:D31) -> 0 | L2: =+SUM(G2:G32) -> 509.82 | M2: =+SUM(C2:G32) -> 3482.17
A3: 2 | B3: 44775 | C3: =9+4 -> 13 | D3: 0 | E3: 0 | F3: 0 | G3: 0
A4: 3 | B4: 44776 | C4: 0 | D4: 0 | E4: 0 | F4: 0 | G4: 0
A5: 4 | B5: 44777 | C5: 15.9 | D5: 0 | E5: 0 | F5: 0 | G5: 0
A6: 5 | B6: 44778 | C6: 80 | D6: 0 | E6: 0 | F6: 0 | G6: 7.9 | R6: Kiradan düş
A7: 6 | B7: 44779 | C7: =82+37.15 -> 119.15 | D7: 0 | E7: 0 | F7: 0 | G7: 0 | R7: =40+100+51 -> 191
A8: 7 | B8: 44780 | C8: =77.68+6.66 -> 84.34 | D8: 0 | E8: 0 | F8: 0 | G8: =99.9+144.76 -> 244.66
A9: 8 | B9: 44781 | C9: 0 | D9: 0 | E9: 0 | F9: 0 | G9: 0
A10: 9 | B10: 44782 | C10: 0 | D10: 0 | E10: 0 | F10: 0 | G10: 96.9
A11: 10 | B11: 44783 | C11: =26+47 -> 73 | D11: 0 | E11: 0 | F11: 0 | G11: 140.36
A12: 11 | B12: 44784 | C12: 44.01 | D12: 0 | E12: 0 | F12: 0 | G12: 0
A13: 12 | B13: 44785 | C13: =71.04+64.63 -> 135.67 | D13: 0 | E13: 0 | F13: 0 | G13: 0
A14: 13 | B14: 44786 | C14: 0 | D14: 0 | E14: 0 | F14: 0 | G14: 0
A15: 14 | B15: 44787 | C15: =95.63+53.82 -> 149.45 | D15: 0 | E15: 0 | F15: 0 | G15: 0
A16: 15 | B16: 44788 | C16: =83.6+29 -> 112.6 | D16: 0 | E16: 0 | F16: 45 | G16: 0
A17: 16 | B17: 44789 | C17: 69.3 | D17: 0 | E17: 0 | F17: 200 | G17: 0
A18: 17 | B18: 44790 | C18: 57 | D18: 0 | E18: 0 | F18: 0 | G18: 0
A19: 18 | B19: 44791 | C19: =4.12+7 -> 11.12 | D19: 0 | E19: 0 | F19: 0 | G19: 0
A20: 19 | B20: 44792 | C20: =131+60 -> 191 | D20: 0 | E20: 0 | F20: 0 | G20: 0
A21: 20 | B21: 44793 | C21: 78.59 | D21: 0 | E21: 0 | F21: 0 | G21: 0
A22: 21 | B22: 44794 | C22: =64.41+13.5+11.5 -> 89.41 | D22: 0 | E22: 0 | F22: 0 | G22: 0
A23: 22 | B23: 44795 | C23: 8 | D23: 0 | E23: 0 | F23: 0 | G23: 0
A24: 23 | B24: 44796 | C24: =71.33+40+37.75+45 -> 194.08 | D24: 0 | E24: =99.98+51.88 -> 151.86 | F24: 0 | G24: 0
A25: 24 | B25: 44797 | C25: 20.85 | D25: 0 | E25: 0 | F25: 0 | G25: 0
A26: 25 | B26: 44798 | C26: 6 | D26: 0 | E26: 0 | F26: 0 | G26: 0
A27: 26 | B27: 44799 | C27: =5+29.9+12.72+60 -> 107.62 | D27: 0 | E27: 0 | F27: 0 | G27: 0
A28: 27 | B28: 44800 | C28: 0 | D28: 0 | E28: 0 | F28: 0 | G28: 0
A29: 28 | B29: 44801 | C29: =20+112+65+70+20 -> 287 | D29: 0 | E29: 0 | F29: 0 | G29: 0
A30: 29 | B30: 44802 | C30: 10.05 | D30: 0 | E30: 0 | F30: 67.5 | G30: 0
A31: 30 | B31: 44803 | C31: 0 | D31: 0 | E31: 0 | F31: 0 | G31: 0
A32: 31 | B32: 44804 | C32: =105.35+36.5 -> 141.85 | D32: 0 | E32: =-191+500 -> 309 | F32: 100 | G32: =-330+350 -> 20

Sheet TEMMUZ-2022
D2: Type of expenditure | I2: Daily Total Food&Transportation | J2: Daily Total | K2: Daily Average F&T | L2: Daily Average | M2: Total Food | N2: Total Transport | O2: Other | P2: TOTAL
C3: Date | D3: Food | E3: Transportation | F3: Rent | G3: Bills | H3: Other
B4: 1 | C4: 44743 | D4: =56.51+16 -> 72.51 | E4: 0 | F4: 0 | G4: 0 | H4: 0 | I4: =+SUM(D4,E4) -> 72.51 | J4: =+SUM(D4:H4) -> 72.51 | K4: =+AVERAGE(I4:I34) -> 132.95968 | L4: =+AVERAGE(J4:J34) -> 172.19226 | M4: =+SUM(I4:I34) -> 4121.75 | N4: =+SUM(E4:E33) -> 789.34 | O4: =+SUM(H4:H34) -> 606.81 | P4: =+SUM(J4:J34) -> 5337.96
B5: 2 | C5: 44744 | D5: 49.78 | E5: 0 | F5: 0 | G5: 0 | H5: 0 | I5: =+SUM(D5,E5) -> 49.78 | J5: =+SUM(D5:H5) -> 49.78
B6: 3 | C6: 44745 | D6: =48.34+24 -> 72.34 | E6: 0 | F6: 0 | G6: 0 | H6: 0 | I6: =+SUM(D6,E6) -> 72.34 | J6: =+SUM(D6:H6) -> 72.34
B7: 4 | C7: 44746 | D7: =134.33+72.4+28.43+99.94+250 -> 585.1 | E7: 0 | F7: 0 | G7: 0 | H7: 223.91 | I7: =+SUM(D7,E7) -> 585.1 | J7: =+SUM(D7:H7) -> 809.01
B8: 5 | C8: 44747 | D8: 12 | E8: 350 | F8: 0 | G8: 0 | H8: =135+7.9 -> 142.9 | I8: =+SUM(D8,E8) -> 362 | J8: =+SUM(D8:H8) -> 504.9
B9: 6 | C9: 44748 | D9: =62.69+46.25 -> 108.94 | E9: 0 | F9: 0 | G9: 0 | H9: 0 | I9: =+SUM(D9,E9) -> 108.94 | J9: =+SUM(D9:H9) -> 108.94 | T9: kira düş
B10: 7 | C10: 44749 | D10: =64.99+12 -> 76.99 | E10: 0 | F10: 0 | G10: 0 | H10: 0 | I10: =+SUM(D10,E10) -> 76.99 | J10: =+SUM(D10:H10) -> 76.99 | T10: =70+40+100 -> 210
B11: 8 | C11: 44750 | D11: =110.03+24 -> 134.03 | E11: 0 | F11: 0 | G11: 41.9 | H11: 240 | I11: =+SUM(D11,E11) -> 134.03 | J11: =+SUM(D11:H11) -> 415.93
B12: 9 | C12: 44751 | D12: 80.06 | E12: 0 | F12: 0 | G12: 0 | H12: 0 | I12: =+SUM(D12,E12) -> 80.06 | J12: =+SUM(D12:H12) -> 80.06
B13: 10 | C13: 44752 | D13: 0 | E13: 144.94 | F13: 0 | G13: 0 | H13: 0 | I13: =+SUM(D13,E13) -> 144.94 | J13: =+SUM(D13:H13) -> 144.94
B14: 11 | C14: 44753 | D14: 0 | E14: 8 | F14: 0 | G14: 0 | H14: 0 | I14: =+SUM(D14,E14) -> 8 | J14: =+SUM(D14:H14) -> 8
B15: 12 | C15: 44754 | D15: 60.9 | E15: =8.2+8.2+270 -> 286.4 | F15: 0 | G15: 0 | H15: 0 | I15: =+SUM(D15,E15) -> 347.3 | J15: =+SUM(D15:H15) -> 347.3
B16: 13 | C16: 44755 | D16: =21.75+24.5 -> 46.25 | E16: 0 | F16: 0 | G16: 0 | H16: 0 | I16: =+SUM(D16,E16) -> 46.25 | J16: =+SUM(D16:H16) -> 46.25
B17: 14 | C17: 44756 | D17: 147.35 | E17: 0 | F17: 0 | G17: 0 | H17: 0 | I17: =+SUM(D17,E17) -> 147.35 | J17: =+SUM(D17:H17) -> 147.35
B18: 15 | C18: 44757 | D18: =24+20 -> 44 | E18: 0 | F18: 0 | G18: 0 | H18: 0 | I18: =+SUM(D18,E18) -> 44 | J18: =+SUM(D18:H18) -> 44
B19: 16 | C19: 44758 | D19: =53.65+85+30 -> 168.65 | E19: 0 | F19: 0 | G19: 0 | H19: 0 | I19: =+SUM(D19,E19) -> 168.65 | J19: =+SUM(D19:H19) -> 168.65
B20: 17 | C20: 44759 | D20: =36.6+51.99 -> 88.59 | E20: 0 | F20: 0 | G20: 0 | H20: 0 | I20: =+SUM(D20,E20) -> 88.59 | J20: =+SUM(D20:H20) -> 88.59
B21: 18 | C21: 44760 | D21: =11.25+75.24+16.95 -> 103.44 | E21: 0 | F21: 0 | G21: 0 | H21: 0 | I21: =+SUM(D21,E21) -> 103.44 | J21: =+SUM(D21:H21) -> 103.44
B22: 19 | C22: 44761 | D22: 21.47 | E22: 0 | F22: 0 | G22: 0 | H22: 0 | I22: =+SUM(D22,E22) -> 21.47 | J22: =+SUM(D22:H22) -> 21.47
B23: 20 | C23: 44762 | D23: =22.9+25.5 -> 48.4 | E23: 0 | F23: 0 | G23: 0 | H23: 0 | I23: =+SUM(D23,E23) -> 48.4 | J23: =+SUM(D23:H23) -> 48.4
B24: 21 | C24: 44763 | D24: =152.6+55.5+73.74 -> 281.84 | E24: 0 | F24: 0 | G24: 0 | H24: 0 | I24: =+SUM(D24,E24) -> 281.84 | J24: =+SUM(D24:H24) -> 281.84
B25: 22 | C25: 44764 | D25: =62.65+33.4 -> 96.05 | E25: 0 | F25: 0 | G25: 0 | H25: 0 | I25: =+SUM(D25,E25) -> 96.05 | J25: =+SUM(D25:H25) -> 96.05
B26: 23 | C26: 44765 | D26: =138+70 -> 208 | E26: 0 | F26: 0 | G26: 0 | H26: 0 | I26: =+SUM(D26,E26) -> 208 | J26: =+SUM(D26:H26) -> 208
B27: 24 | C27: 44766 | D27: =68+89+24 -> 181 | E27: 0 | F27: 0 | G27: 0 | H27: 0 | I27: =+SUM(D27,E27) -> 181 | J27: =+SUM(D27:H27) -> 181
B28: 25 | C28: 44767 | D28: =23.9+9.5+50+7.61 -> 91.01 | E28: 0 | F28: 0 | G28: 0 | H28: 0 | I28: =+SUM(D28,E28) -> 91.01 | J28: =+SUM(D28:H28) -> 91.01
B29: 26 | C29: 44768 | D29: =13.75+53.61 -> 67.36 | E29: 0 | F29: 0 | G29: 0 | H29: 0 | I29: =+SUM(D29,E29) -> 67.36 | J29: =+SUM(D29:H29) -> 67.36
B30: 27 | C30: 44769 | D30: 9.5 | E30: 0 | F30: 0 | G30: 0 | H30: 0 | I30: =+SUM(D30,E30) -> 9.5 | J30: =+SUM(D30:H30) -> 9.5
B31: 28 | C31: 44770 | D31: 0 | E31: 0 | F31: 0 | G31: 67.5 | H31: 0 | I31: =+SUM(D31,E31) -> 0 | J31: =+SUM(D31:H31) -> 67.5
B32: 29 | C32: 44771 | D32: =9.5+94.45 -> 103.95 | E32: 0 | F32: 0 | G32: 0 | H32: 0 | I32: =+SUM(D32,E32) -> 103.95 | J32: =+SUM(D32:H32) -> 103.95
B33: 30 | C33: 44772 | D33: =86+98.06+128.5+27.5 -> 340.06 | E33: 0 | F33: 0 | G33: 0 | H33: 0 | I33: =+SUM(D33,E33) -> 340.06 | J33: =+SUM(D33:H33) -> 340.06
B34: 31 | C34: 44773 | D34: 32.84 | E34: 0 | F34: 500 | G34: 0 | H34: 0 | I34: =+SUM(D34,E34) -> 32.84 | J34: =+SUM(D34:H34) -> 532.84

Sheet HAZİRAN-2022
D3: Type of expenditure | I3: Daily Total Food&Transportation | J3: Daily Total | K3: Daily Average F&T | L3: Daily Average | M3: Total Food | N3: Total Transport | O3: Other | P3: TOTAL
C4: Date | D4: Food | E4: Transportation | F4: Rent | G4: Bills | H4: Other
B5: 1 | C5: 44713 | D5: =31.3+50.65+11 -> 92.95 | E5: 0 | F5: 0 | G5: 0 | H5: 0 | I5: =+SUM(D5,E5) -> 92.95 | J5: =+SUM(D5:H5) -> 92.95 | K5: =+AVERAGE(I5:I35) -> 100.936 | L5: =+AVERAGE(J5:J35) -> 142.40267 | M5: =+SUM(I5:I35) -> 3028.08 | N5: =+SUM(E5:E34) -> 397 | O5: =+SUM(H5:H35) -> 619 | P5: =+SUM(J5:J35) -> 4272.08
B6: 2 | C6: 44714 | D6: 20.4 | E6: 14 | F6: 0 | G6: 0 | H6: 0 | I6: =+SUM(D6,E6) -> 34.4 | J6: =+SUM(D6:H6) -> 34.4
B7: 3 | C7: 44715 | D7: =9.5+10.5+62.4+7.4+4.75+66.29 -> 160.84 | E7: 14 | F7: 0 | G7: 0 | H7: 0 | I7: =+SUM(D7,E7) -> 174.84 | J7: =+SUM(D7:H7) -> 174.84 | T7: kiradan düş
B8: 4 | C8: 44716 | D8: =34.65+63.99 -> 98.64 | E8: 0 | F8: 0 | G8: 0 | H8: 0 | I8: =+SUM(D8,E8) -> 98.64 | J8: =+SUM(D8:H8) -> 98.64 | T8: =40-36+50+155 -> 209
B9: 5 | C9: 44717 | D9: =35+3.98+19.8 -> 58.78 | E9: 65 | F9: 0 | G9: 0 | H9: 7.9 | I9: =+SUM(D9,E9) -> 123.78 | J9: =+SUM(D9:H9) -> 131.68
B10: 6 | C10: 44718 | D10: =38+17.5 -> 55.5 | E10: 0 | F10: 0 | G10: 0 | H10: =67.5+122+102.6+69 -> 361.1 | I10: =+SUM(D10,E10) -> 55.5 | J10: =+SUM(D10:H10) -> 416.6
B11: 7 | C11: 44719 | D11: =21+17.7 -> 38.7 | E11: 14 | F11: 0 | G11: 0 | H11: 0 | I11: =+SUM(D11,E11) -> 52.7 | J11: =+SUM(D11:H11) -> 52.7
B12: 8 | C12: 44720 | D12: 59.55 | E12: 0 | F12: 0 | G12: 0 | H12: 0 | I12: =+SUM(D12,E12) -> 59.55 | J12: =+SUM(D12:H12) -> 59.55
B13: 9 | C13: 44721 | D13: 58.87 | E13: 14 | F13: 0 | G13: 0 | H13: 0 | I13: =+SUM(D13,E13) -> 72.87 | J13: =+SUM(D13:H13) -> 72.87
B14: 10 | C14: 44722 | D14: =29.98+12+65.49 -> 107.47 | E14: =50+7 -> 57 | F14: 0 | G14: 0 | H14: 0 | I14: =+SUM(D14,E14) -> 164.47 | J14: =+SUM(D14:H14) -> 164.47
B15: 11 | C15: 44723 | D15: 0 | E15: 0 | F15: 0 | G15: 0 | H15: 0 | I15: =+SUM(D15,E15) -> 0 | J15: =+SUM(D15:H15) -> 0
B16: 12 | C16: 44724 | D16: =24.37+108.3 -> 132.67 | E16: 0 | F16: 0 | G16: 0 | H16: 0 | I16: =+SUM(D16,E16) -> 132.67 | J16: =+SUM(D16:H16) -> 132.67
B17: 13 | C17: 44725 | D17: =51.01+73+25 -> 149.01 | E17: 14 | F17: 0 | G17: 0 | H17: 0 | I17: =+SUM(D17,E17) -> 163.01 | J17: =+SUM(D17:H17) -> 163.01
B18: 14 | C18: 44726 | D18: =14+20+44.99 -> 78.99 | E18: 14 | F18: 0 | G18: 0 | H18: 0 | I18: =+SUM(D18,E18) -> 92.99 | J18: =+SUM(D18:H18) -> 92.99
B19: 15 | C19: 44727 | D19: =56.27+30.14+15 -> 101.41 | E19: 14 | F19: 0 | G19: 0 | H19: 0 | I19: =+SUM(D19,E19) -> 115.41 | J19: =+SUM(D19:H19) -> 115.41
B20: 16 | C20: 44728 | D20: =25.65+18.74+52.9+60.74+14 -> 172.03 | E20: 14 | F20: 0 | G20: 0 | H20: 0 | I20: =+SUM(D20,E20) -> 186.03 | J20: =+SUM(D20:H20) -> 186.03
B21: 17 | C21: 44729 | D21: =6.5+102.4 -> 108.9 | E21: 14 | F21: 0 | G21: 0 | H21: 0 | I21: =+SUM(D21,E21) -> 122.9 | J21: =+SUM(D21:H21) -> 122.9
B22: 18 | C22: 44730 | D22: =28.2+9.75 -> 37.95 | E22: 0 | F22: 0 | G22: 0 | H22: 0 | I22: =+SUM(D22,E22) -> 37.95 | J22: =+SUM(D22:H22) -> 37.95
B23: 19 | C23: 44731 | D23: 0 | E23: 0 | F23: 0 | G23: 0 | H23: 0 | I23: =+SUM(D23,E23) -> 0 | J23: =+SUM(D23:H23) -> 0
B24: 20 | C24: 44732 | D24: =16.73+88.81+8.43 -> 113.97 | E24: 7 | F24: 0 | G24: 0 | H24: 0 | I24: =+SUM(D24,E24) -> 120.97 | J24: =+SUM(D24:H24) -> 120.97
B25: 21 | C25: 44733 | D25: =49.46+34.89+4+5 -> 93.35 | E25: =7+35 -> 42 | F25: 0 | G25: 0 | H25: 0 | I25: =+SUM(D25,E25) -> 135.35 | J25: =+SUM(D25:H25) -> 135.35
B26: 22 | C26: 44734 | D26: =23.25+20+45.4+65.96 -> 154.61 | E26: 14 | F26: 0 | G26: 0 | H26: 0 | I26: =+SUM(D26,E26) -> 168.61 | J26: =+SUM(D26:H26) -> 168.61
B27: 23 | C27: 44735 | D27: =105.99+10 -> 115.99 | E27: 7 | F27: 0 | G27: 0 | H27: 0 | I27: =+SUM(D27,E27) -> 122.99 | J27: =+SUM(D27:H27) -> 122.99
B28: 24 | C28: 44736 | D28: 24 | E28: =7+30 -> 37 | F28: 0 | G28: 0 | H28: 0 | I28: =+SUM(D28,E28) -> 61 | J28: =+SUM(D28:H28) -> 61
B29: 25 | C29: 44737 | D29: 57.75 | E29: 0 | F29: 0 | G29: 0 | H29: 0 | I29: =+SUM(D29,E29) -> 57.75 | J29: =+SUM(D29:H29) -> 57.75
B30: 26 | C30: 44738 | D30: =20+65 -> 85 | E30: 0 | F30: 0 | G30: 0 | H30: 0 | I30: =+SUM(D30,E30) -> 85 | J30: =+SUM(D30:H30) -> 85
B31: 27 | C31: 44739 | D31: =313+12 -> 325 | E31: 14 | F31: 0 | G31: 0 | H31: 0 | I31: =+SUM(D31,E31) -> 339 | J31: =+SUM(D31:H31) -> 339
B32: 28 | C32: 44740 | D32: =5+39.75 -> 44.75 | E32: 14 | F32: 0 | G32: 0 | H32: 0 | I32: =+SUM(D32,E32) -> 58.75 | J32: =+SUM(D32:H32) -> 58.75
B33: 29 | C33: 44741 | D33: =32.25+26.25 -> 58.5 | E33: 14 | F33: 500 | G33: 125 | H33: 250 | I33: =+SUM(D33,E33) -> 72.5 | J33: =+SUM(D33:H33) -> 947.5
B34: 30 | C34: 44742 | D34: 25.5 | E34: 0 | F34: 0 | G34: 0 | H34: 0 | I34: =+SUM(D34,E34) -> 25.5 | J34: =+SUM(D34:H34) -> 25.5

Sheet MAYIS-2022
E3: Type of expenditure | J3: Daily Total Food&Transportation | K3: Daily Total | L3: Daily Average F&T | M3: Daily Average | N3: Total Food | O3: Total Transport | P3: Other | Q3: TOTAL
D4: Date | E4: Food | F4: Transportation | G4: Rent | H4: Bills | I4: Other
C5: 1 | D5: 44682 | E5: 0 | F5: 0 | G5: 0 | H5: 0 | I5: 0 | J5: =+SUM(E5,F5) -> 0 | K5: =+SUM(E5:I5) -> 0 | L5: =+AVERAGE(J5:J35) -> 90.643226 | M5: =+AVERAGE(K5:K35) -> 151.07484 | N5: =+SUM(J5:J35) -> 2809.94 | O5: =+SUM(F5:F34) -> 229.8 | P5: =+SUM(I5:I35) -> 988.96 | Q5: =+SUM(K5:K35) -> 4683.32
C6: 2 | D6: 44683 | E6: =79.17+30.5+36.68 -> 146.35 | F6: 0 | G6: 0 | H6: 0 | I6: 0 | J6: =+SUM(E6,F6) -> 146.35 | K6: =+SUM(E6:I6) -> 146.35 | U6: kiradan düş
C7: 3 | D7: 44684 | E7: =99.13+64.7+48.83+76.15+8.9 -> 297.71 | F7: 0 | G7: 0 | H7: 0 | I7: 0 | J7: =+SUM(E7,F7) -> 297.71 | K7: =+SUM(E7:I7) -> 297.71 | U7: =95+35 -> 130
C8: 4 | D8: 44685 | E8: 65.25 | F8: 0 | G8: 0 | H8: 0 | I8: =275.55+161.97+258.54 -> 696.06 | J8: =+SUM(E8,F8) -> 65.25 | K8: =+SUM(E8:I8) -> 761.31
C9: 5 | D9: 44686 | E9: =116.4+35.5 -> 151.9 | F9: 0 | G9: 0 | H9: =40+68.5+51.92 -> 160.42 | I9: 7.9 | J9: =+SUM(E9,F9) -> 151.9 | K9: =+SUM(E9:I9) -> 320.22
C10: 6 | D10: 44687 | E10: =54+85+25.61+37.09 -> 201.7 | F10: 0 | G10: 0 | H10: 0 | I10: 0 | J10: =+SUM(E10,F10) -> 201.7 | K10: =+SUM(E10:I10) -> 201.7
C11: 7 | D11: 44688 | E11: =9+27+33.79 -> 69.79 | F11: 0 | G11: 0 | H11: 0 | I11: 0 | J11: =+SUM(E11,F11) -> 69.79 | K11: =+SUM(E11:I11) -> 69.79
C12: 8 | D12: 44689 | E12: 8.71 | F12: 0 | G12: 0 | H12: 0 | I12: 0 | J12: =+SUM(E12,F12) -> 8.71 | K12: =+SUM(E12:I12) -> 8.71
C13: 9 | D13: 44690 | E13: 0 | F13: 0 | G13: 0 | H13: 0 | I13: 0 | J13: =+SUM(E13,F13) -> 0 | K13: =+SUM(E13:I13) -> 0
C14: 10 | D14: 44691 | E14: 21.5 | F14: =7+37 -> 44 | G14: 0 | H14: 0 | I14: 0 | J14: =+SUM(E14,F14) -> 65.5 | K14: =+SUM(E14:I14) -> 65.5
C15: 11 | D15: 44692 | E15: =79.55+71.87 -> 151.42 | F15: 0 | G15: 0 | H15: 0 | I15: 0 | J15: =+SUM(E15,F15) -> 151.42 | K15: =+SUM(E15:I15) -> 151.42
C16: 12 | D16: 44693 | E16: =21.9+45.9 -> 67.8 | F16: 7 | G16: 0 | H16: 0 | I16: 0 | J16: =+SUM(E16,F16) -> 74.8 | K16: =+SUM(E16:I16) -> 74.8
C17: 13 | D17: 44694 | E17: 0 | F17: =70.8+7 -> 77.8 | G17: 0 | H17: 0 | I17: 0 | J17: =+SUM(E17,F17) -> 77.8 | K17: =+SUM(E17:I17) -> 77.8
C18: 14 | D18: 44695 | E18: 11 | F18: 0 | G18: 0 | H18: 0 | I18: 0 | J18: =+SUM(E18,F18) -> 11 | K18: =+SUM(E18:I18) -> 11
C19: 15 | D19: 44696 | E19: 20 | F19: 0 | G19: 0 | H19: 0 | I19: 0 | J19: =+SUM(E19,F19) -> 20 | K19: =+SUM(E19:I19) -> 20
C20: 16 | D20: 44697 | E20: 51.99 | F20: 0 | G20: 0 | H20: 0 | I20: 0 | J20: =+SUM(E20,F20) -> 51.99 | K20: =+SUM(E20:I20) -> 51.99
C21: 17 | D21: 44698 | E21: =40+43.05 -> 83.05 | F21: 14 | G21: 0 | H21: 0 | I21: 0 | J21: =+SUM(E21,F21) -> 97.05 | K21: =+SUM(E21:I21) -> 97.05
C22: 18 | D22: 44699 | E22: 41.18 | F22: 14 | G22: 0 | H22: 0 | I22: 0 | J22: =+SUM(E22,F22) -> 55.18 | K22: =+SUM(E22:I22) -> 55.18
C23: 19 | D23: 44700 | E23: =35+28.24+59.24+47.39 -> 169.87 | F23: 0 | G23: 0 | H23: 0 | I23: 0 | J23: =+SUM(E23,F23) -> 169.87 | K23: =+SUM(E23:I23) -> 169.87
C24: 20 | D24: 44701 | E24: 56.81 | F24: 14 | G24: 0 | H24: 0 | I24: 0 | J24: =+SUM(E24,F24) -> 70.81 | K24: =+SUM(E24:I24) -> 70.81
C25: 21 | D25: 44702 | E25: =98.02+45.16+27.1 -> 170.28 | F25: 0 | G25: 0 | H25: 0 | I25: 0 | J25: =+SUM(E25,F25) -> 170.28 | K25: =+SUM(E25:I25) -> 170.28
C26: 22 | D26: 44703 | E26: 34.9 | F26: 0 | G26: 0 | H26: 0 | I26: 0 | J26: =+SUM(E26,F26) -> 34.9 | K26: =+SUM(E26:I26) -> 34.9
C27: 23 | D27: 44704 | E27: =20+32.49+90.2 -> 142.69 | F27: 0 | G27: 0 | H27: 0 | I27: 0 | J27: =+SUM(E27,F27) -> 142.69 | K27: =+SUM(E27:I27) -> 142.69
C28: 24 | D28: 44705 | E28: =15+9.5+32.05 -> 56.55 | F28: 14 | G28: 0 | H28: 0 | I28: 0 | J28: =+SUM(E28,F28) -> 70.55 | K28: =+SUM(E28:I28) -> 70.55
C29: 25 | D29: 44706 | E29: 31 | F29: 0 | G29: 0 | H29: 0 | I29: 0 | J29: =+SUM(E29,F29) -> 31 | K29: =+SUM(E29:I29) -> 31
C30: 26 | D30: 44707 | E30: =35+31.15 -> 66.15 | F30: 0 | G30: 0 | H30: 0 | I30: 0 | J30: =+SUM(E30,F30) -> 66.15 | K30: =+SUM(E30:I30) -> 66.15
C31: 27 | D31: 44708 | E31: =14.5+138+105 -> 257.5 | F31: =14+31 -> 45 | G31: 0 | H31: 0 | I31: 0 | J31: =+SUM(E31,F31) -> 302.5 | K31: =+SUM(E31:I31) -> 302.5
C32: 28 | D32: 44709 | E32: 0 | F32: 0 | G32: 0 | H32: 0 | I32: 40 | J32: =+SUM(E32,F32) -> 0 | K32: =+SUM(E32:I32) -> 40
C33: 29 | D33: 44710 | E33: 53.38 | F33: 0 | G33: 0 | H33: 0 | I33: 0 | J33: =+SUM(E33,F33) -> 53.38 | K33: =+SUM(E33:I33) -> 53.38
C34: 30 | D34: 44711 | E34: =21.5+85 -> 106.5 | F34: 0 | G34: 0 | H34: 0 | I34: =80+165 -> 245 | J34: =+SUM(E34,F34) -> 106.5 | K34: =+SUM(E34:I34) -> 351.5
C35: 31 | D35: 44712 | E35: 45.16 | F35: 0 | G35: 500 | H35: 224 | I35: 0 | J35: =+SUM(E35,F35) -> 45.16 | K35: =+SUM(E35:I35) -> 769.16

Sheet NİSAN-2022
D2: Type of expenditure | I2: Daily Total Food&Transportation | J2: Daily Total | K2: Daily Average F&T | L2: Daily Average | M2: Total Food | N2: Total Transport | O2: Other | P2: TOTAL
C3: Date | D3: Food | E3: Transportation | F3: Rent | G3: Bills | H3: Other
B4: 1 | C4: 44652 | D4: 15.7 | E4: 14 | F4: 0 | G4: 0 | H4: 0 | I4: =+SUM(D4,E4) -> 29.7 | J4: =+SUM(D4:H4) -> 29.7 | K4: =+AVERAGE(I4:I34) -> 78.789667 | L4: =+AVERAGE(J4:J34) -> 180.80533 | M4: =+SUM(I4:I34) -> 2363.69 | N4: =+SUM(E4:E33) -> 233 | O4: =+SUM(H4:H34) -> 1789.22 | P4: =+SUM(J4:J34) -> 5424.16 | T4: kiradan düş
B5: 2 | C5: 44653 | D5: =47+48.44+110+21.5 -> 226.94 | E5: 0 | F5: 0 | G5: 0 | H5: 0 | I5: =+SUM(D5,E5) -> 226.94 | J5: =+SUM(D5:H5) -> 226.94 | T5: =80+80+100+125+40 -> 425
B6: 3 | C6: 44654 | D6: 61.51 | E6: 0 | F6: 0 | G6: 0 | H6: 0 | I6: =+SUM(D6,E6) -> 61.51 | J6: =+SUM(D6:H6) -> 61.51
B7: 4 | C7: 44655 | D7: 27 | E7: 0 | F7: 0 | G7: 0 | H7: 0 | I7: =+SUM(D7,E7) -> 27 | J7: =+SUM(D7:H7) -> 27
B8: 5 | C8: 44656 | D8: =83+52.91 -> 135.91 | E8: 7 | F8: 0 | G8: 0 | H8: 7.9 | I8: =+SUM(D8,E8) -> 142.91 | J8: =+SUM(D8:H8) -> 150.81
B9: 6 | C9: 44657 | D9: =119.51+45.2 -> 164.71 | E9: 0 | F9: 0 | G9: 0 | H9: 95.99 | I9: =+SUM(D9,E9) -> 164.71 | J9: =+SUM(D9:H9) -> 260.7
B10: 7 | C10: 44658 | D10: 92.3 | E10: 14 | F10: 0 | G10: =67.5+91.75+122 -> 281.25 | H10: 0 | I10: =+SUM(D10,E10) -> 106.3 | J10: =+SUM(D10:H10) -> 387.55
B11: 8 | C11: 44659 | D11: 18.47 | E11: 14 | F11: 0 | G11: 0 | H11: 0 | I11: =+SUM(D11,E11) -> 32.47 | J11: =+SUM(D11:H11) -> 32.47
B12: 9 | C12: 44660 | D12: 37 | E12: 0 | F12: 0 | G12: 0 | H12: 0 | I12: =+SUM(D12,E12) -> 37 | J12: =+SUM(D12:H12) -> 37
B13: 10 | C13: 44661 | D13: 0 | E13: 0 | F13: 0 | G13: 0 | H13: 104.59 | I13: =+SUM(D13,E13) -> 0 | J13: =+SUM(D13:H13) -> 104.59
B14: 11 | C14: 44662 | D14: 17.31 | E14: 0 | F14: 0 | G14: 0 | H14: 0 | I14: =+SUM(D14,E14) -> 17.31 | J14: =+SUM(D14:H14) -> 17.31
B15: 12 | C15: 44663 | D15: =21.5+31.75+22.58+61.09+7 -> 143.92 | E15: 14 | F15: 0 | G15: 0 | H15: 0 | I15: =+SUM(D15,E15) -> 157.92 | J15: =+SUM(D15:H15) -> 157.92
B16: 13 | C16: 44664 | D16: 0 | E16: 0 | F16: 0 | G16: 0 | H16: 0 | I16: =+SUM(D16,E16) -> 0 | J16: =+SUM(D16:H16) -> 0
B17: 14 | C17: 44665 | D17: 8.5 | E17: 14 | F17: 0 | G17: 0 | H17: 0 | I17: =+SUM(D17,E17) -> 22.5 | J17: =+SUM(D17:H17) -> 22.5
B18: 15 | C18: 44666 | D18: =31.98+7+7.5+13.9+7 -> 67.38 | E18: 14 | F18: 0 | G18: 0 | H18: 0 | I18: =+SUM(D18,E18) -> 81.38 | J18: =+SUM(D18:H18) -> 81.38
B19: 16 | C19: 44667 | D19: =49+125 -> 174 | E19: 0 | F19: 0 | G19: 0 | H19: 152 | I19: =+SUM(D19,E19) -> 174 | J19: =+SUM(D19:H19) -> 326
B20: 17 | C20: 44668 | D20: =15+15.9+38.8 -> 69.7 | E20: 0 | F20: 0 | G20: 0 | H20: 0 | I20: =+SUM(D20,E20) -> 69.7 | J20: =+SUM(D20:H20) -> 69.7
B21: 18 | C21: 44669 | D21: 62.35 | E21: 0 | F21: 0 | G21: 0 | H21: 659 | I21: =+SUM(D21,E21) -> 62.35 | J21: =+SUM(D21:H21) -> 721.35
B22: 19 | C22: 44670 | D22: =6+36.41+14 -> 56.41 | E22: 14 | F22: 0 | G22: 0 | H22: 0 | I22: =+SUM(D22,E22) -> 70.41 | J22: =+SUM(D22:H22) -> 70.41
B23: 20 | C23: 44671 | D23: =47.88+41.45+33.52 -> 122.85 | E23: 21 | F23: 0 | G23: 0 | H23: 0 | I23: =+SUM(D23,E23) -> 143.85 | J23: =+SUM(D23:H23) -> 143.85
B24: 21 | C24: 44672 | D24: =69.88+44.63+14+10.63 -> 139.14 | E24: 7 | F24: 0 | G24: 0 | H24: 0 | I24: =+SUM(D24,E24) -> 146.14 | J24: =+SUM(D24:H24) -> 146.14
B25: 22 | C25: 44673 | D25: 100.3 | E25: 0 | F25: 0 | G25: 0 | H25: 0 | I25: =+SUM(D25,E25) -> 100.3 | J25: =+SUM(D25:H25) -> 100.3
B26: 23 | C26: 44674 | D26: 0 | E26: 0 | F26: 0 | G26: 0 | H26: 0 | I26: =+SUM(D26,E26) -> 0 | J26: =+SUM(D26:H26) -> 0
B27: 24 | C27: 44675 | D27: 0 | E27: 34 | F27: 0 | G27: 0 | H27: 0 | I27: =+SUM(D27,E27) -> 34 | J27: =+SUM(D27:H27) -> 34
B28: 25 | C28: 44676 | D28: 57.69 | E28: 14 | F28: 0 | G28: 0 | H28: 0 | I28: =+SUM(D28,E28) -> 71.69 | J28: =+SUM(D28:H28) -> 71.69
B29: 26 | C29: 44677 | D29: =45.9+52.8 -> 98.7 | E29: 0 | F29: 0 | G29: 0 | H29: =107+218.78+84.72 -> 410.5 | I29: =+SUM(D29,E29) -> 98.7 | J29: =+SUM(D29:H29) -> 509.2
B30: 27 | C30: 44678 | D30: =41.35+42.6 -> 83.95 | E30: 0 | F30: 0 | G30: 0 | H30: 359.24 | I30: =+SUM(D30,E30) -> 83.95 | J30: =+SUM(D30:H30) -> 443.19
B31: 28 | C31: 44679 | D31: =52.75+6+36.7 -> 95.45 | E31: 14 | F31: 0 | G31: 0 | H31: 0 | I31: =+SUM(D31,E31) -> 109.45 | J31: =+SUM(D31:H31) -> 109.45
B32: 29 | C32: 44680 | D32: 46 | E32: =24+14 -> 38 | F32: 0 | G32: 0 | H32: 0 | I32: =+SUM(D32,E32) -> 84 | J32: =+SUM(D32:H32) -> 84
B33: 30 | C33: 44681 | D33: 7.5 | E33: 0 | F33: 500 | G33: =450+40 -> 490 | H33: 0 | I33: =+SUM(D33,E33) -> 7.5 | J33: =+SUM(D33:H33) -> 997.5

Sheet MART-2022
E3: Type of expenditure | J3: Daily Total Food&Transportation | K3: Daily Total | L3: Daily Average F&T | M3: Daily Average | N3: Total Food&Transportation | O3: Other | P3: TOTAL
D4: Date | E4: Food | F4: Transportation | G4: Rent | H4: Bills | I4: Other
C5: 1 | D5: 44621 | E5: =12.9+59.9+32 -> 104.8 | F5: 0 | G5: 0 | H5: 0 | I5: 0 | J5: =+SUM(E5,F5) -> 104.8 | K5: =+SUM(E5:I5) -> 104.8 | L5: =+AVERAGE(J5:J35) -> 68.379032 | M5: =+AVERAGE(K5:K35) -> 125.11774 | N5: =+SUM(J5:J35) -> 2119.75 | O5: =+SUM(I5:I35) -> 1477.65 | P5: =+SUM(K5:K35) -> 3878.65
C6: 2 | D6: 44622 | E6: 28.3 | F6: 0 | G6: 0 | H6: 0 | I6: 186.16 | J6: =+SUM(E6,F6) -> 28.3 | K6: =+SUM(E6:I6) -> 214.46
C7: 3 | D7: 44623 | E7: =82+37 -> 119 | F7: 0 | G7: 0 | H7: 0 | I7: 7.64 | J7: =+SUM(E7,F7) -> 119 | K7: =+SUM(E7:I7) -> 126.64
C8: 4 | D8: 44624 | E8: 85.72 | F8: 0 | G8: 0 | H8: 67.5 | I8: 64.65 | J8: =+SUM(E8,F8) -> 85.72 | K8: =+SUM(E8:I8) -> 217.87
C9: 5 | D9: 44625 | E9: 34.94 | F9: 0 | G9: 0 | H9: 0 | I9: =6+7.9 -> 13.9 | J9: =+SUM(E9,F9) -> 34.94 | K9: =+SUM(E9:I9) -> 48.84
C10: 6 | D10: 44626 | E10: =56.76+36.71 -> 93.47 | F10: 0 | G10: 0 | H10: 0 | I10: =225.16+59.9 -> 285.06 | J10: =+SUM(E10,F10) -> 93.47 | K10: =+SUM(E10:I10) -> 378.53
C11: 7 | D11: 44627 | E11: =21.12+24 -> 45.12 | F11: 0 | G11: 0 | H11: =91.75+122 -> 213.75 | I11: 0 | J11: =+SUM(E11,F11) -> 45.12 | K11: =+SUM(E11:I11) -> 258.87
C12: 8 | D12: 44628 | E12: 18.95 | F12: 10 | G12: 0 | H12: 0 | I12: 50 | J12: =+SUM(E12,F12) -> 28.95 | K12: =+SUM(E12:I12) -> 78.95
C13: 9 | D13: 44629 | E13: =34.63+21.5 -> 56.13 | F13: 0 | G13: 0 | H13: 0 | I13: 0 | J13: =+SUM(E13,F13) -> 56.13 | K13: =+SUM(E13:I13) -> 56.13
C14: 10 | D14: 44630 | E14: =11.65+44 -> 55.65 | F14: 0 | G14: 0 | H14: 0 | I14: 250 | J14: =+SUM(E14,F14) -> 55.65 | K14: =+SUM(E14:I14) -> 305.65
C15: 11 | D15: 44631 | E15: 24 | F15: 10 | G15: 0 | H15: 0 | I15: 56 | J15: =+SUM(E15,F15) -> 34 | K15: =+SUM(E15:I15) -> 90
C16: 12 | D16: 44632 | E16: 21.81 | F16: 0 | G16: 0 | H16: 0 | I16: 0 | J16: =+SUM(E16,F16) -> 21.81 | K16: =+SUM(E16:I16) -> 21.81
C17: 13 | D17: 44633 | E17: =25.4+39.99+71.5 -> 136.89 | F17: 0 | G17: 0 | H17: 0 | I17: 6 | J17: =+SUM(E17,F17) -> 136.89 | K17: =+SUM(E17:I17) -> 142.89
C18: 14 | D18: 44634 | E18: 30.9 | F18: 7 | G18: 0 | H18: 0 | I18: 0 | J18: =+SUM(E18,F18) -> 37.9 | K18: =+SUM(E18:I18) -> 37.9
C19: 15 | D19: 44635 | E19: =39+115.33+95.97 -> 250.3 | F19: 7 | G19: 0 | H19: 0 | I19: 0 | J19: =+SUM(E19,F19) -> 257.3 | K19: =+SUM(E19:I19) -> 257.3
C20: 16 | D20: 44636 | E20: =36.16+11.95+21.5 -> 69.61 | F20: 0 | G20: 0 | H20: 0 | I20: 0 | J20: =+SUM(E20,F20) -> 69.61 | K20: =+SUM(E20:I20) -> 69.61
C21: 17 | D21: 44637 | E21: 9.25 | F21: 14 | G21: 0 | H21: 0 | I21: 0 | J21: =+SUM(E21,F21) -> 23.25 | K21: =+SUM(E21:I21) -> 23.25
C22: 18 | D22: 44638 | E22: 39 | F22: 14 | G22: 0 | H22: 0 | I22: 0 | J22: =+SUM(E22,F22) -> 53 | K22: =+SUM(E22:I22) -> 53
C23: 19 | D23: 44639 | E23: 28 | F23: 17.5 | G23: 0 | H23: 0 | I23: 0 | J23: =+SUM(E23,F23) -> 45.5 | K23: =+SUM(E23:I23) -> 45.5
C24: 20 | D24: 44640 | E24: 48.25 | F24: 0 | G24: 0 | H24: 0 | I24: 0 | J24: =+SUM(E24,F24) -> 48.25 | K24: =+SUM(E24:I24) -> 48.25
C25: 21 | D25: 44641 | E25: 0 | F25: 0 | G25: 0 | H25: 0 | I25: =23.1+59.13+16.28 -> 98.51 | J25: =+SUM(E25,F25) -> 0 | K25: =+SUM(E25:I25) -> 98.51
C26: 22 | D26: 44642 | E26: 7 | F26: 14 | G26: 0 | H26: 0 | I26: 50 | J26: =+SUM(E26,F26) -> 21 | K26: =+SUM(E26:I26) -> 71
C27: 23 | D27: 44643 | E27: =38.13+85.83+27.15 -> 151.11 | F27: 0 | G27: 0 | H27: 0 | I27: 53.73 | J27: =+SUM(E27,F27) -> 151.11 | K27: =+SUM(E27:I27) -> 204.84
C28: 24 | D28: 44644 | E28: 28.65 | F28: 14 | G28: 0 | H28: 0 | I28: 0 | J28: =+SUM(E28,F28) -> 42.65 | K28: =+SUM(E28:I28) -> 42.65
C29: 25 | D29: 44645 | E29: 38 | F29: 4 | G29: 0 | H29: 0 | I29: 350 | J29: =+SUM(E29,F29) -> 42 | K29: =+SUM(E29:I29) -> 392
C30: 26 | D30: 44646 | E30: =29.1+35.68 -> 64.78 | F30: 0 | G30: 0 | H30: 0 | I30: 0 | J30: =+SUM(E30,F30) -> 64.78 | K30: =+SUM(E30:I30) -> 64.78
C31: 27 | D31: 44647 | E31: 0 | F31: 0 | G31: 0 | H31: 0 | I31: 0 | J31: =+SUM(E31,F31) -> 0 | K31: =+SUM(E31:I31) -> 0
C32: 28 | D32: 44648 | E32: =43+37 -> 80 | F32: 0 | G32: 0 | H32: 0 | I32: 0 | J32: =+SUM(E32,F32) -> 80 | K32: =+SUM(E32:I32) -> 80
C33: 29 | D33: 44649 | E33: =29.35+152.5 -> 181.85 | F33: 14 | G33: 0 | H33: 0 | I33: 0 | J33: =+SUM(E33,F33) -> 195.85 | K33: =+SUM(E33:I33) -> 195.85
C34: 30 | D34: 44650 | E34: 49.37 | F34: 7 | G34: 0 | H34: 0 | I34: 0 | J34: =+SUM(E34,F34) -> 56.37 | K34: =+SUM(E34:I34) -> 56.37
C35: 31 | D35: 44651 | E35: =34.9+44.5 -> 79.4 | F35: 7 | G35: 0 | H35: 0 | I35: 6 | J35: =+SUM(E35,F35) -> 86.4 | K35: =+SUM(E35:I35) -> 92.4

Sheet ŞUBAT-2022
D1: Type of expenditure | I1: Daily Total Food&Transportation | J1: Daily Total | K1: Daily Average F&T | L1: Daily Average | M1: Total Food&Transportation | N1: TOTAL
C2: Date | D2: Food | E2: Transportation | F2: Rent | G2: Bills | H2: Other
B3: 1 | C3: 44593 | D3: 0 | E3: 0 | F3: 0 | G3: 0 | H3: 0 | I3: =+SUM(D3,E3) -> 0 | J3: =+SUM(D3:H3) -> 0 | K3: =+AVERAGE(I3:I33) -> 66.6275 | L3: =+AVERAGE(J3:J33) -> 152.41857 | M3: =+SUM(I3:I33) -> 1865.57 | N3: =+SUM(J3:J33) -> 4267.72
B4: 2 | C4: 44594 | D4: 0 | E4: 0 | F4: 0 | G4: 0 | H4: 0 | I4: =+SUM(D4,E4) -> 0 | J4: =+SUM(D4:H4) -> 0
B5: 3 | C5: 44595 | D5: =25+17.5 -> 42.5 | E5: 0 | F5: 0 | G5: 0 | H5: 0 | I5: =+SUM(D5,E5) -> 42.5 | J5: =+SUM(D5:H5) -> 42.5
B6: 4 | C6: 44596 | D6: =35+37.65 -> 72.65 | E6: 0 | F6: 0 | G6: 39.25 | H6: 0 | I6: =+SUM(D6,E6) -> 72.65 | J6: =+SUM(D6:H6) -> 111.9
B7: 5 | C7: 44597 | D7: =150+27+23 -> 200 | E7: 0 | F7: 0 | G7: 0 | H7: 0 | I7: =+SUM(D7,E7) -> 200 | J7: =+SUM(D7:H7) -> 200
B8: 6 | C8: 44598 | D8: =15.5+52.78+65 -> 133.28 | E8: 0 | F8: 0 | G8: 0 | H8: =130.25+120+84.9 -> 335.15 | I8: =+SUM(D8,E8) -> 133.28 | J8: =+SUM(D8:H8) -> 468.43
B9: 7 | C9: 44599 | D9: 19.67 | E9: 0 | F9: 0 | G9: 0 | H9: 0 | I9: =+SUM(D9,E9) -> 19.67 | J9: =+SUM(D9:H9) -> 19.67
B10: 8 | C10: 44600 | D10: 41 | E10: 0 | F10: 0 | G10: 0 | H10: =91.75+215 -> 306.75 | I10: =+SUM(D10,E10) -> 41 | J10: =+SUM(D10:H10) -> 347.75
B11: 9 | C11: 44601 | D11: 3.03 | E11: 0 | F11: 0 | G11: 0 | H11: 150 | I11: =+SUM(D11,E11) -> 3.03 | J11: =+SUM(D11:H11) -> 153.03
B12: 10 | C12: 44602 | D12: =26+14.5 -> 40.5 | E12: 0 | F12: 0 | G12: 0 | H12: 0 | I12: =+SUM(D12,E12) -> 40.5 | J12: =+SUM(D12:H12) -> 40.5
B13: 11 | C13: 44603 | D13: 11.5 | E13: 30 | F13: 0 | G13: 0 | H13: 0 | I13: =+SUM(D13,E13) -> 41.5 | J13: =+SUM(D13:H13) -> 41.5
B14: 12 | C14: 44604 | D14: =23.4+45.95 -> 69.35 | E14: 0 | F14: 0 | G14: 0 | H14: 0 | I14: =+SUM(D14,E14) -> 69.35 | J14: =+SUM(D14:H14) -> 69.35
B15: 13 | C15: 44605 | D15: =15+54.45 -> 69.45 | E15: 9.5 | F15: 0 | G15: 0 | H15: 0 | I15: =+SUM(D15,E15) -> 78.95 | J15: =+SUM(D15:H15) -> 78.95
B16: 14 | C16: 44606 | D16: 3.97 | E16: 4.75 | F16: 0 | G16: 0 | H16: 121 | I16: =+SUM(D16,E16) -> 8.72 | J16: =+SUM(D16:H16) -> 129.72
B17: 15 | C17: 44607 | D17: 10.12 | E17: 154.75 | F17: 0 | G17: 0 | H17: 0 | I17: =+SUM(D17,E17) -> 164.87 | J17: =+SUM(D17:H17) -> 164.87
B18: 16 | C18: 44608 | D18: 0 | E18: 0 | F18: 0 | G18: 0 | H18: 0 | I18: =+SUM(D18,E18) -> 0 | J18: =+SUM(D18:H18) -> 0
B19: 17 | C19: 44609 | D19: 0 | E19: 0 | F19: 0 | G19: 0 | H19: 0 | I19: =+SUM(D19,E19) -> 0 | J19: =+SUM(D19:H19) -> 0
B20: 18 | C20: 44610 | D20: 41.5 | E20: 0 | F20: 0 | G20: 0 | H20: 0 | I20: =+SUM(D20,E20) -> 41.5 | J20: =+SUM(D20:H20) -> 41.5
B21: 19 | C21: 44611 | D21: 56.5 | E21: 0 | F21: 0 | G21: 0 | H21: 0 | I21: =+SUM(D21,E21) -> 56.5 | J21: =+SUM(D21:H21) -> 56.5
B22: 20 | C22: 44612 | D22: 0 | E22: 0 | F22: 0 | G22: 0 | H22: 0 | I22: =+SUM(D22,E22) -> 0 | J22: =+SUM(D22:H22) -> 0
B23: 21 | C23: 44613 | D23: =18.5+23.33 -> 41.83 | E23: 0 | F23: 0 | G23: 0 | H23: 0 | I23: =+SUM(D23,E23) -> 41.83 | J23: =+SUM(D23:H23) -> 41.83
B24: 22 | C24: 44614 | D24: =40+34.5 -> 74.5 | E24: 101 | F24: 0 | G24: 0 | H24: 0 | I24: =+SUM(D24,E24) -> 175.5 | J24: =+SUM(D24:H24) -> 175.5
B25: 23 | C25: 44615 | D25: 25 | E25: 101 | F25: 0 | G25: 0 | H25: 0 | I25: =+SUM(D25,E25) -> 126 | J25: =+SUM(D25:H25) -> 126
B26: 24 | C26: 44616 | D26: 0 | E26: 32 | F26: 0 | G26: 0 | H26: 0 | I26: =+SUM(D26,E26) -> 32 | J26: =+SUM(D26:H26) -> 32
B27: 25 | C27: 44617 | D27: 52.5 | E27: 0 | F27: 0 | G27: 0 | H27: 0 | I27: =+SUM(D27,E27) -> 52.5 | J27: =+SUM(D27:H27) -> 52.5
B28: 26 | C28: 44618 | D28: =94+41.5+59.9 -> 195.4 | E28: 0 | F28: 0 | G28: 0 | H28: 1100 | I28: =+SUM(D28,E28) -> 195.4 | J28: =+SUM(D28:H28) -> 1295.4
B29: 27 | C29: 44619 | D29: =47+59.9+101.42 -> 208.32 | E29: 0 | F29: 0 | G29: 0 | H29: 0 | I29: =+SUM(D29,E29) -> 208.32 | J29: =+SUM(D29:H29) -> 208.32
B30: 28 | C30: 44620 | D30: 0 | E30: 20 | F30: 350 | G30: 0 | H30: 0 | I30: =+SUM(D30,E30) -> 20 | J30: =+SUM(D30:H30) -> 370

Sheet OCAK-2022
C1: Type of expenditure | H1: Daily Total Food&Transportation | I1: Daily Total | J1: Daily Average F&T | K1: Daily Average | L1: Total Food&Transportation | M1: TOTAL
B2: Date | C2: Food | D2: Transportation | E2: Rent | F2: Bills | G2: Other
A3: 1 | B3: 44562 | C3: 0 | D3: 0 | E3: 0 | F3: 0 | G3: 0 | H3: =+SUM(C3,D3) -> 0 | I3: =+SUM(C3:G3) -> 0 | J3: =+AVERAGE(H3:H33) -> 51.661935 | K3: =+AVERAGE(I3:I33) -> 81.944194 | L3: =+SUM(H3:H33) -> 1601.52 | M3: =+SUM(I3:I33) -> 2540.27
A4: 2 | B4: 44563 | C4: 0 | D4: 0 | E4: 0 | F4: 0 | G4: 15 | H4: =+SUM(C4,D4) -> 0 | I4: =+SUM(C4:G4) -> 15
A5: 3 | B5: 44564 | C5: =32.75+1.67 -> 34.42 | D5: 0 | E5: 0 | F5: 0 | G5: 0 | H5: =+SUM(C5,D5) -> 34.42 | I5: =+SUM(C5:G5) -> 34.42
A6: 4 | B6: 44565 | C6: =2.95+36.8+3.5 -> 43.25 | D6: 5 | E6: 0 | F6: 0 | G6: 1.5 | H6: =+SUM(C6,D6) -> 48.25 | I6: =+SUM(C6:G6) -> 49.75
A7: 5 | B7: 44566 | C7: =29.9+2.95+17.75 -> 50.6 | D7: 10 | E7: 0 | F7: 0 | G7: =1.5+7.9 -> 9.4 | H7: =+SUM(C7,D7) -> 60.6 | I7: =+SUM(C7:G7) -> 70
A8: 6 | B8: 44567 | C8: =18+39 -> 57 | D8: 0 | E8: 0 | F8: 0 | G8: 0 | H8: =+SUM(C8,D8) -> 57 | I8: =+SUM(C8:G8) -> 57
A9: 7 | B9: 44568 | C9: 0 | D9: 0 | E9: 0 | F9: 36.75 | G9: 0 | H9: =+SUM(C9,D9) -> 0 | I9: =+SUM(C9:G9) -> 36.75
A10: 8 | B10: 44569 | C10: =27.92+65.85 -> 93.77 | D10: 0 | E10: 0 | F10: 0 | G10: 0 | H10: =+SUM(C10,D10) -> 93.77 | I10: =+SUM(C10:G10) -> 93.77
A11: 9 | B11: 44570 | C11: 32.15 | D11: 0 | E11: 0 | F11: 41.1 | G11: 0 | H11: =+SUM(C11,D11) -> 32.15 | I11: =+SUM(C11:G11) -> 73.25
A12: 10 | B12: 44571 | C12: 17.75 | D12: 0 | E12: 0 | F12: 0 | G12: 0 | H12: =+SUM(C12,D12) -> 17.75 | I12: =+SUM(C12:G12) -> 17.75
A13: 11 | B13: 44572 | C13: 28.5 | D13: 0 | E13: 0 | F13: 0 | G13: 0 | H13: =+SUM(C13,D13) -> 28.5 | I13: =+SUM(C13:G13) -> 28.5
A14: 12 | B14: 44573 | C14: =31.05+36.8+75.97+1.5+2.95 -> 148.27 | D14: 10 | E14: 0 | F14: 0 | G14: 0 | H14: =+SUM(C14,D14) -> 158.27 | I14: =+SUM(C14:G14) -> 158.27
A15: 13 | B15: 44574 | C15: 18 | D15: 0 | E15: 0 | F15: 0 | G15: 0 | H15: =+SUM(C15,D15) -> 18 | I15: =+SUM(C15:G15) -> 18
A16: 14 | B16: 44575 | C16: =13+35+43.27 -> 91.27 | D16: 0 | E16: 0 | F16: 0 | G16: 0 | H16: =+SUM(C16,D16) -> 91.27 | I16: =+SUM(C16:G16) -> 91.27
A17: 15 | B17: 44576 | C17: =19.67+14 -> 33.67 | D17: 0 | E17: 0 | F17: 0 | G17: 0 | H17: =+SUM(C17,D17) -> 33.67 | I17: =+SUM(C17:G17) -> 33.67
A18: 16 | B18: 44577 | C18: =36+30 -> 66 | D18: 0 | E18: 0 | F18: 0 | G18: 0 | H18: =+SUM(C18,D18) -> 66 | I18: =+SUM(C18:G18) -> 66
A19: 17 | B19: 44578 | C19: 24 | D19: 0 | E19: 0 | F19: 0 | G19: 0 | H19: =+SUM(C19,D19) -> 24 | I19: =+SUM(C19:G19) -> 24
A20: 18 | B20: 44579 | C20: 39.52 | D20: 0 | E20: 0 | F20: 0 | G20: 0 | H20: =+SUM(C20,D20) -> 39.52 | I20: =+SUM(C20:G20) -> 39.52
A21: 19 | B21: 44580 | C21: 39.4 | D21: 10 | E21: 0 | F21: 0 | G21: 0 | H21: =+SUM(C21,D21) -> 49.4 | I21: =+SUM(C21:G21) -> 49.4
A22: 20 | B22: 44581 | C22: =120+17.5+35 -> 172.5 | D22: 0 | E22: 0 | F22: 0 | G22: 60 | H22: =+SUM(C22,D22) -> 172.5 | I22: =+SUM(C22:G22) -> 232.5
A23: 21 | B23: 44582 | C23: 23.32 | D23: 0 | E23: 0 | F23: 0 | G23: 0 | H23: =+SUM(C23,D23) -> 23.32 | I23: =+SUM(C23:G23) -> 23.32
A24: 22 | B24: 44583 | C24: 30 | D24: 0 | E24: 0 | F24: 0 | G24: 0 | H24: =+SUM(C24,D24) -> 30 | I24: =+SUM(C24:G24) -> 30
A25: 23 | B25: 44584 | C25: 58.35 | D25: 0 | E25: 0 | F25: 0 | G25: 0 | H25: =+SUM(C25,D25) -> 58.35 | I25: =+SUM(C25:G25) -> 58.35
A26: 24 | B26: 44585 | C26: 34.8 | D26: 0 | E26: 0 | F26: 0 | G26: 0 | H26: =+SUM(C26,D26) -> 34.8 | I26: =+SUM(C26:G26) -> 34.8
A27: 25 | B27: 44586 | C27: 40.75 | D27: 0 | E27: 0 | F27: 0 | G27: 0 | H27: =+SUM(C27,D27) -> 40.75 | I27: =+SUM(C27:G27) -> 40.75
A28: 26 | B28: 44587 | C28: 46.55 | D28: 0 | E28: 0 | F28: 0 | G28: 0 | H28: =+SUM(C28,D28) -> 46.55 | I28: =+SUM(C28:G28) -> 46.55
A29: 27 | B29: 44588 | C29: =17.5+38+19.9 -> 75.4 | D29: 0 | E29: 0 | F29: 0 | G29: 0 | H29: =+SUM(C29,D29) -> 75.4 | I29: =+SUM(C29:G29) -> 75.4
A30: 28 | B30: 44589 | C30: =23+20.29 -> 43.29 | D30: 10 | E30: 0 | F30: 0 | G30: 0 | H30: =+SUM(C30,D30) -> 53.29 | I30: =+SUM(C30:G30) -> 53.29
A31: 29 | B31: 44590 | C31: =28+19.39+2.42 -> 49.81 | D31: 0 | E31: 350 | F31: =40+385 -> 425 | G31: 0 | H31: =+SUM(C31,D31) -> 49.81 | I31: =+SUM(C31:G31) -> 824.81
A32: 30 | B32: 44591 | C32: 28 | D32: 0 | E32: 0 | F32: 0 | G32: 0 | H32: =+SUM(C32,D32) -> 28 | I32: =+SUM(C32:G32) -> 28
A33: 31 | B33: 44592 | C33: =46.45+17.9+32.69+13.14+26 -> 136.18 | D33: 0 | E33: 0 | F33: 0 | G33: 0 | H33: =+SUM(C33,D33) -> 136.18 | I33: =+SUM(C33:G33) -> 136.18

Sheet ARALIK-2021
C1: Type of expenditure | H1: Daily Total Food&Transportation | I1: Daily Total | J1: Daily Average F&T | K1: Daily Average | L1: Total Food&Transportation | M1: TOTAL
B2: Date | C2: Food | D2: Transportation | E2: Rent | F2: Bills | G2: Other
A3: 1 | B3: 44531 | C3: =25+30+91.81 -> 146.81 | D3: 0 | E3: 0 | F3: 0 | G3: 0 | H3: =+SUM(C3,D3) -> 146.81 | I3: =+SUM(C3:G3) -> 146.81 | J3: =+L3/A33 -> 62.701935 | K3: =+M3/A33 -> 114.7729 | L3: =+SUM(H3:H33) -> 1943.76 | M3: =+SUM(I3:I33) -> 3557.96
A4: 2 | B4: 44532 | C4: =32+14.5 -> 46.5 | D4: 0 | E4: 0 | F4: 0 | G4: 0 | H4: =+SUM(C4,D4) -> 46.5 | I4: =+SUM(C4:G4) -> 46.5
A5: 3 | B5: 44533 | C5: 31.48 | D5: 0 | E5: 0 | F5: 0 | G5: 0 | H5: =+SUM(C5,D5) -> 31.48 | I5: =+SUM(C5:G5) -> 31.48
A6: 4 | B6: 44534 | C6: 100 | D6: 0 | E6: 0 | F6: 0 | G6: =50+25 -> 75 | H6: =+SUM(C6,D6) -> 100 | I6: =+SUM(C6:G6) -> 175
A7: 5 | B7: 44535 | C7: =40+53.23+22.7 -> 115.93 | D7: 0 | E7: 0 | F7: 0 | G7: 43.5 | H7: =+SUM(C7,D7) -> 115.93 | I7: =+SUM(C7:G7) -> 159.43
A8: 6 | B8: 44536 | C8: =21.8+48 -> 69.8 | D8: 0 | E8: 0 | F8: 36.25 | G8: =40+70+21.8+275 -> 406.8 | H8: =+SUM(C8,D8) -> 69.8 | I8: =+SUM(C8:G8) -> 512.85
A9: 7 | B9: 44537 | C9: 0 | D9: 0 | E9: 0 | F9: 0 | G9: 0 | H9: =+SUM(C9,D9) -> 0 | I9: =+SUM(C9:G9) -> 0
A10: 8 | B10: 44538 | C10: =11.8+32 -> 43.8 | D10: 7 | E10: 0 | F10: 0 | G10: 0 | H10: =+SUM(C10,D10) -> 50.8 | I10: =+SUM(C10:G10) -> 50.8
A11: 9 | B11: 44539 | C11: =29.61+17.5 -> 47.11 | D11: 0 | E11: 0 | F11: 0 | G11: 0 | H11: =+SUM(C11,D11) -> 47.11 | I11: =+SUM(C11:G11) -> 47.11
A12: 10 | B12: 44540 | C12: =14.79+32 -> 46.79 | D12: 3.5 | E12: 0 | F12: 0 | G12: 0 | H12: =+SUM(C12,D12) -> 50.29 | I12: =+SUM(C12:G12) -> 50.29
A13: 11 | B13: 44541 | C13: 0 | D13: 0 | E13: 0 | F13: 0 | G13: 0 | H13: =+SUM(C13,D13) -> 0 | I13: =+SUM(C13:G13) -> 0
A14: 12 | B14: 44542 | C14: =78.25+16 -> 94.25 | D14: 0 | E14: 0 | F14: 0 | G14: 165 | H14: =+SUM(C14,D14) -> 94.25 | I14: =+SUM(C14:G14) -> 259.25
A15: 13 | B15: 44543 | C15: =30+19 -> 49 | D15: 0 | E15: 0 | F15: 0 | G15: 1 | H15: =+SUM(C15,D15) -> 49 | I15: =+SUM(C15:G15) -> 50
A16: 14 | B16: 44544 | C16: 0 | D16: 0 | E16: 0 | F16: 0 | G16: 0 | H16: =+SUM(C16,D16) -> 0 | I16: =+SUM(C16:G16) -> 0
A17: 15 | B17: 44545 | C17: 41.17 | D17: 0 | E17: 0 | F17: 0 | G17: 0 | H17: =+SUM(C17,D17) -> 41.17 | I17: =+SUM(C17:G17) -> 41.17
A18: 16 | B18: 44546 | C18: 4.5 | D18: =3.5+35 -> 38.5 | E18: 0 | F18: 0 | G18: 0 | H18: =+SUM(C18,D18) -> 43 | I18: =+SUM(C18:G18) -> 43
A19: 17 | B19: 44547 | C19: =38+13.7 -> 51.7 | D19: 0 | E19: 0 | F19: 91.75 | G19: 0 | H19: =+SUM(C19,D19) -> 51.7 | I19: =+SUM(C19:G19) -> 143.45
A20: 18 | B20: 44548 | C20: =30+67.96 -> 97.96 | D20: 0 | E20: 0 | F20: 0 | G20: 0 | H20: =+SUM(C20,D20) -> 97.96 | I20: =+SUM(C20:G20) -> 97.96
A21: 19 | B21: 44549 | C21: 26 | D21: 0 | E21: 0 | F21: 0 | G21: 0 | H21: =+SUM(C21,D21) -> 26 | I21: =+SUM(C21:G21) -> 26
A22: 20 | B22: 44550 | C22: 35 | D22: 0 | E22: 0 | F22: 0 | G22: 0 | H22: =+SUM(C22,D22) -> 35 | I22: =+SUM(C22:G22) -> 35
A23: 21 | B23: 44551 | C23: 68.05 | D23: 0 | E23: 0 | F23: 0 | G23: 0 | H23: =+SUM(C23,D23) -> 68.05 | I23: =+SUM(C23:G23) -> 68.05
A24: 22 | B24: 44552 | C24: =7.25+5.09+29.07 -> 41.41 | D24: 7 | E24: 0 | F24: 0 | G24: 0 | H24: =+SUM(C24,D24) -> 48.41 | I24: =+SUM(C24:G24) -> 48.41
A25: 23 | B25: 44553 | C25: =15.25+22.34 -> 37.59 | D25: 0 | E25: 0 | F25: 0 | G25: 0 | H25: =+SUM(C25,D25) -> 37.59 | I25: =+SUM(C25:G25) -> 37.59
A26: 24 | B26: 44554 | C26: 0 | D26: 0 | E26: 350 | F26: 440 | G26: 0 | H26: =+SUM(C26,D26) -> 0 | I26: =+SUM(C26:G26) -> 790
A27: 25 | B27: 44555 | C27: =90.45+30.96 -> 121.41 | D27: 0 | E27: 0 | F27: 0 | G27: 0 | H27: =+SUM(C27,D27) -> 121.41 | I27: =+SUM(C27:G27) -> 121.41
A28: 26 | B28: 44556 | C28: 12 | D28: 0 | E28: 0 | F28: 0 | G28: 4.9 | H28: =+SUM(C28,D28) -> 12 | I28: =+SUM(C28:G28) -> 16.9
A29: 27 | B29: 44557 | C29: =4.5+17.5+10.5 -> 32.5 | D29: 0 | E29: 0 | F29: 0 | G29: 0 | H29: =+SUM(C29,D29) -> 32.5 | I29: =+SUM(C29:G29) -> 32.5
A30: 28 | B30: 44558 | C30: 35 | D30: 0 | E30: 0 | F30: 0 | G30: 0 | H30: =+SUM(C30,D30) -> 35 | I30: =+SUM(C30:G30) -> 35
A31: 29 | B31: 44559 | C31: 0 | D31: 7 | E31: 0 | F31: 0 | G31: 0 | H31: =+SUM(C31,D31) -> 7 | I31: =+SUM(C31:G31) -> 7
A32: 30 | B32: 44560 | C32: 0 | D32: 0 | E32: 0 | F32: 0 | G32: 0 | H32: =+SUM(C32,D32) -> 0 | I32: =+SUM(C32:G32) -> 0
A33: 31 | B33: 44561 | C33: 250 | D33: 235 | E33: 0 | F33: 0 | G33: 0 | H33: =+SUM(C33,D33) -> 485 | I33: =+SUM(C33:G33) -> 485

Sheet KASIM-2021
